symbol,name_of_company, series,fno_stock, date_of_listing, paid_up_value, market_lot, isin_number, face_value
20MICRONS,20 Microns Limited,eq,no,06-10-2008,5,1,INE144J01027,5
21STCENMGM,21st Century Management Services Limited,eq,no,03-05-1995,10,1,INE253B01015,10
360ONE,360 ONE WAM LIMITED,eq,yes,19-09-2019,1,1,INE466L01038,1
3IINFOLTD,3i Infotech Limited,eq,no,22-10-2021,10,1,INE748C01038,10
3MINDIA,3M India Limited,eq,no,13-08-2004,10,1,INE470A01017,10
3PLAND,3P Land Holdings Limited,eq,no,19-07-1995,2,1,INE105C01023,2
5PAISA,5Paisa Capital Limited,eq,no,16-11-2017,10,1,INE618L01018,10
63MOONS,63 moons technologies limited,eq,no,20-06-2005,2,1,INE111B01023,2
A2ZINFRA,A2Z Infra Engineering Limited,be,no,23-12-2010,10,1,INE619I01012,10
AAATECH,AAA Technologies Limited,eq,no,28-11-2022,10,1,INE0D0U01013,10
AADHARHFC,Aadhar Housing Finance Limited,eq,no,15-05-2024,10,1,INE883F01010,10
AAKASH,Aakash Exploration Services Limited,be,no,29-09-2020,1,1,INE087Z01024,1
AAREYDRUGS,Aarey Drugs & Pharmaceuticals Limited,eq,no,06-08-2021,10,1,INE198H01019,10
AARNAV,Aarnav Fashions Limited,eq,no,25-02-2026,10,1,INE750R01016,10
AARON,Aaron Industries Limited,eq,no,06-11-2020,10,1,INE721Z01010,10
AARTECH,Aartech Solonics Limited,eq,no,10-07-2023,5,1,INE01C001026,5
AARTIDRUGS,Aarti Drugs Limited,eq,no,19-09-2003,10,1,INE767A01016,10
AARTIIND,Aarti Industries Limited,eq,no,08-02-1995,5,1,INE769A01020,5
AARTIPHARM,Aarti Pharmalabs Limited,eq,no,30-01-2023,5,1,INE0LRU01027,5
AARTISURF,Aarti Surfactants Limited,eq,no,14-07-2020,10,1,INE09EO01013,10
AARVI,Aarvi Encon Limited,eq,no,24-06-2020,10,1,INE754X01016,10
AAVAS,Aavas Financiers Limited,eq,no,08-10-2018,10,1,INE216P01012,10
ABB,ABB India Limited,eq,yes,08-02-1995,2,1,INE117A01022,2
ABBOTINDIA,Abbott India Limited,eq,no,08-01-2010,10,1,INE358A01014,10
ABCAPITAL,Aditya Birla Capital Limited,eq,yes,01-09-2017,10,1,INE674K01013,10
ABCOTS,A B Cotspin India Limited,eq,no,24-09-2025,10,1,INE08PH01015,10
ABDL,Allied Blenders and Distillers Limited,eq,no,02-07-2024,2,1,INE552Z01027,2
ABFRL,Aditya Birla Fashion and Retail Limited,eq,no,17-07-2013,10,1,INE647O01011,10
ABINFRA,A B Infrabuild Limited,eq,no,08-11-2024,1,1,INE00YB01025,1
ABLBL,Aditya Birla Lifestyle Brands Limited,eq,no,23-06-2025,10,1,INE14LE01019,10
ABMINTLLTD,ABM International Limited,be,no,09-09-2021,10,1,INE251C01025,10
ABREL,Aditya Birla Real Estate Limited,eq,no,27-06-2003,10,1,INE055A01016,10
ABSLAMC,Aditya Birla Sun Life AMC Limited,eq,no,11-10-2021,5,1,INE404A01024,5
ACC,ACC Limited,eq,no,20-11-1996,10,1,INE012A01025,10
ACCELYA,Accelya Solutions India Limited,eq,no,01-12-1999,10,1,INE793A01012,10
ACCURACY,Accuracy Shipping Limited,eq,no,11-12-2020,1,1,INE648Z01023,1
ACE,Action Construction Equipment Limited,eq,no,26-09-2006,2,1,INE731H01025,2
ACEINTEG,Ace Integrated Solutions Limited,eq,no,04-11-2022,10,1,INE543V01017,10
ACI,Archean Chemical Industries Limited,eq,no,21-11-2022,2,1,INE128X01021,2
ACL,Andhra Cements Limited,eq,no,10-05-2023,10,1,INE666E01020,10
ACMESOLAR,Acme Solar Holdings Limited,eq,no,13-11-2024,2,1,INE622W01025,2
ACUTAAS,Acutaas Chemicals Limited,eq,no,14-09-2021,5,1,INE00FF01025,5
ADANIENSOL,Adani Energy Solutions Limited,eq,yes,31-07-2015,10,1,INE931S01010,10
ADANIENT,Adani Enterprises Limited,eq,yes,04-06-1997,1,1,INE423A01024,1
ADANIGREEN,Adani Green Energy Limited,eq,yes,18-06-2018,10,1,INE364U01010,10
ADANIPORTS,Adani Ports and Special Economic Zone Limited,eq,yes,27-11-2007,2,1,INE742F01042,2
ADANIPOWER,Adani Power Limited,eq,no,20-08-2009,2,1,INE814H01029,2
ADFFOODS,ADF Foods Limited,eq,no,15-09-2010,2,1,INE982B01027,2
ADL,Archidply Decor Limited,eq,no,01-10-2020,10,1,INE0CHO01012,10
ADOR,Ador Welding Limited,eq,no,10-05-1995,10,1,INE045A01017,10
ADROITINFO,Adroit Infotech Limited,eq,no,13-08-1997,10,1,INE737B01033,10
ADSL,Allied Digital Services Limited,eq,no,25-07-2007,5,1,INE102I01027,5
ADVAIT,Advait Energy Transitions Limited,eq,no,20-01-2026,10,1,INE0ALI01010,10
ADVANCE,Advance Agrolife Limited,eq,no,08-10-2025,10,1,INE1B0W01010,10
ADVANIHOTR,Advani Hotels & Resorts (India) Limited,eq,no,25-06-2007,2,1,INE199C01026,2
ADVENTHTL,Advent Hotels International Limited,eq,no,13-11-2025,10,1,INE28GN01010,10
ADVENZYMES,Advanced Enzyme Technologies Limited,eq,no,01-08-2016,2,1,INE837H01020,2
AEGISLOG,Aegis Logistics Limited,eq,no,03-04-1996,1,1,INE208C01025,1
AEGISVOPAK,Aegis Vopak Terminals Limited,eq,no,02-06-2025,10,1,INE0INX01018,10
AEPL,Artemis Electricals and Projects Limited,eq,no,12-03-2026,1,1,INE757T01025,1
AEQUS,Aequs Limited,eq,no,10-12-2025,10,1,INE947N01017,10
AEROENTER,Aeroflex Enterprises Limited,eq,no,21-11-2022,2,1,INE065D01027,2
AEROFLEX,Aeroflex Industries Limited,eq,no,31-08-2023,2,1,INE024001021,2
AERONEU,Aeroflex Neu Limited,eq,no,12-01-2023,10,1,INE035801013,10
AETHER,Aether Industries Limited,eq,no,03-06-2022,10,1,INE0BWX01014,10
AFCONS,Afcons Infrastructure Limited,eq,no,04-11-2024,10,1,INE101I01011,10
AFFLE,Affle 3i Limited,eq,no,08-08-2019,2,1,INE00WC01027,2
AFFORDABLE,Affordable Robotic & Automation Limited,eq,no,23-10-2024,10,1,INE692Z01013,10
AFIL,Akme Fintrade (India) Limited,be,no,26-06-2024,1,1,INE916Y01027,1
AFSL,Abans Financial Services Limited,eq,no,23-12-2022,2,1,INE00ZE01026,2
AGARIND,Agarwal Industrial Corporation Limited,eq,no,26-05-2014,10,1,INE204E01012,10
AGARWALEYE,Dr. Agarwal's Health Care Limited,eq,no,04-02-2025,1,1,INE943P01029,1
AGI,AGI Greenpac Limited,eq,no,31-05-2000,2,1,INE415A01038,2
AGIIL,Agi Infra Limited,eq,no,15-07-2024,1,1,INE976R01033,1
AGRITECH,Agri-Tech (India) Limited,eq,no,28-01-2014,10,1,INE449G01018,10
AGROPHOS,Agro Phos India Limited,eq,no,08-03-2019,10,1,INE740V01019,10
AHCL,Anlon Healthcare Limited,eq,no,03-09-2025,10,1,INE0Y8W01017,10
AHLADA,Ahlada Engineers Limited,eq,no,28-01-2021,10,1,INE00PV01013,10
AHLEAST,Asian Hotels (East) Limited,eq,no,11-08-2010,10,1,INE926K01017,10
AHLUCONT,Ahluwalia Contracts (India) Limited,eq,no,14-12-2009,2,1,INE758C01029,2
AHLWEST,Asian Hotels (West) Limited,eq,no,05-08-2010,10,1,INE915K01010,10
AIAENG,AIA Engineering Limited,eq,no,14-12-2005,2,1,INE212H01026,2
AIIL,Authum Investment & Infrastructure Limited,eq,no,23-04-2024,1,1,INE206F01022,1
AIRAN,Airan Limited,eq,no,03-05-2019,2,1,INE645W01026,2
AIROLAM,Airo Lam limited,eq,no,13-10-2021,10,1,INE801L01010,10
AJANTPHARM,Ajanta Pharma Limited,eq,no,29-05-2000,2,1,INE031B01049,2
AJAXENGG,Ajax Engineering Limited,eq,no,17-02-2025,1,1,INE274Y01021,1
AJMERA,Ajmera Realty & Infra India Limited,eq,no,16-06-2009,2,1,INE298G01035,2
AJOONI,Ajooni Biotech Limited,eq,no,07-05-2021,2,1,INE820Y01021,2
AKASH,Akash Infra-Projects Limited,eq,no,11-10-2019,10,1,INE737W01013,10
AKG,Akg Exim Limited,eq,no,16-02-2021,10,1,INE00Y801016,10
AKI,AKI India Limited,eq,no,06-04-2023,2,1,INE642Z01026,2
AKSHAR,Akshar Spintex Limited,eq,no,23-05-2022,1,1,INE256Z01025,1
AKSHARCHEM,AksharChem India Limited,eq,no,28-03-2017,10,1,INE542B01011,10
AKSHOPTFBR,Aksh Optifibre Limited,eq,no,18-08-2000,5,1,INE523B01011,5
AKUMS,Akums Drugs and Pharmaceuticals Limited,eq,no,06-08-2024,2,1,INE09XN01023,2
ALANKIT,Alankit Limited,eq,no,30-06-2015,1,1,INE914E01040,1
ALBERTDAVD,Albert David Limited,eq,no,14-06-2016,10,1,INE155C01010,10
ALEMBICLTD,Alembic Limited,eq,no,22-09-1999,2,1,INE426A01027,2
ALGOQUANT,Algoquant Fintech Limited,eq,no,06-01-2026,1,1,INE598D01035,1
ALICON,Alicon Castalloy Limited,eq,no,29-09-2006,5,1,INE062D01024,5
ALIVUS,Alivus Life Sciences Limited,eq,no,06-08-2021,2,1,INE03Q201024,2
ALKALI,Alkali Metals Limited,eq,no,06-11-2008,10,1,INE773I01017,10
ALKEM,Alkem Laboratories Limited,eq,yes,23-12-2015,2,1,INE540L01014,2
ALKYLAMINE,Alkyl Amines Chemicals Limited,eq,no,26-11-2007,2,1,INE150B01039,2
ALLCARGO,Allcargo Logistics Limited,eq,no,23-06-2006,2,1,INE418H01029,2
ALLDIGI,Alldigi Tech Limited,eq,no,09-05-2005,10,1,INE835G01018,10
ALLTIME,All Time Plastics Limited,eq,no,14-08-2025,2,1,INE0GV601021,2
ALMONDZ,Almondz Global Securities Limited,eq,no,16-06-2008,1,1,INE326B01035,1
ALOKINDS,Alok Industries Limited,eq,no,19-02-2020,1,1,INE270A01029,1
ALPA,Alpa Laboratories Limited,eq,no,06-08-2007,10,1,INE385I01010,10
ALPHAGEO,Alphageo (India) Limited,eq,no,11-05-2007,10,1,INE137C01018,10
AMAGI,Amagi Media Labs Limited,eq,no,21-01-2026,5,1,INE121R01077,5
AMANTA,Amanta Healthcare Limited,eq,no,09-09-2025,10,1,INE084K01015,10
AMBER,Amber Enterprises India Limited,eq,yes,30-01-2018,10,1,INE371P01015,10
AMBICAAGAR,Ambica Agarbathies & Aroma industries Limited,eq,no,29-06-2004,10,1,INE792B01012,10
AMBIKCO,Ambika Cotton Mills Limited,eq,no,29-01-2008,10,1,INE540G01014,10
AMBUJACEM,Ambuja Cements Limited,eq,yes,18-02-1998,2,1,INE079A01024,2
AMDIND,AMD Industries Limited,eq,no,19-03-2007,10,1,INE005I01014,10
AMIRCHAND,Amir Chand Jagdish Kumar (Exports) Limited,eq,no,02-04-2026,10,1,INE05TO01019,10
AMJLAND,Amj Land Holdings Limited,eq,no,08-02-1995,2,1,INE606A01024,2
AMNPLST,Amines & Plasticizers Limited,eq,no,10-11-2023,2,1,INE275D01022,2
AMRUTANJAN,Amrutanjan Health Care Limited,eq,no,02-01-2015,1,1,INE098F01031,1
ANANDRATHI,Anand Rathi Wealth Limited,eq,no,14-12-2021,5,1,INE463V01026,5
ANANTRAJ,Anant Raj Limited,eq,no,27-09-2006,2,1,INE242C01024,2
ANDHRAPAP,ANDHRA PAPER LIMITED,eq,no,13-05-2004,2,1,INE435A01051,2
ANDHRSUGAR,The Andhra Sugars Limited,eq,no,01-11-1995,2,1,INE715B01021,2
ANGELONE,Angel One Limited,eq,yes,05-10-2020,1,1,INE732I01021,1
ANIKINDS,Anik Industries Limited,eq,no,21-05-2008,10,1,INE087B01017,10
ANKITMETAL,Ankit Metal & Power Limited,bz,no,14-03-2013,10,1,INE106I01010,10
ANMOL,Anmol India Limited,eq,no,04-06-2021,10,1,INE02AR01019,10
ANSALAPI,Ansal Properties & Infrastructure Limited,bz,no,27-01-2006,5,1,INE436A01026,5
ANTELOPUS,Antelopus Selan Energy Limited,eq,no,26-09-2006,10,1,INE818A01017,10
ANTGRAPHIC,Antarctica Limited,eq,no,31-12-1997,1,1,INE414B01021,1
ANTHEM,Anthem Biosciences Limited,eq,no,21-07-2025,2,1,INE0CZ201020,2
ANUHPHR,Anuh Pharma Limited,eq,no,20-12-2024,5,1,INE489G01022,5
ANUP,The Anup Engineering Limited,eq,no,01-03-2019,10,1,INE294Z01018,10
ANURAS,Anupam Rasayan India Limited,eq,no,24-03-2021,10,1,INE930P01018,10
APARINDS,Apar Industries Limited,eq,no,12-07-2004,10,1,INE372A01015,10
APCL,Anjani Portland Cement Limited,eq,no,10-04-2017,10,1,INE071F01012,10
APCOTEXIND,Apcotex Industries Limited,eq,no,06-09-1995,2,1,INE116A01032,2
APEX,Apex Frozen Foods Limited,eq,no,04-09-2017,10,1,INE346W01013,10
APLAPOLLO,APL Apollo Tubes Limited,eq,yes,14-12-2011,2,1,INE702C01027,2
APLLTD,Alembic Pharmaceuticals Limited,eq,no,20-09-2011,2,1,INE901L01018,2
APOLLO,Apollo Micro Systems Limited,eq,no,22-01-2018,1,1,INE713T01028,1
APOLLOHOSP,Apollo Hospitals Enterprise Limited,eq,yes,10-01-1996,5,1,INE437A01024,5
APOLLOPIPE,Apollo Pipes Limited,eq,no,11-11-2019,10,1,INE126J01016,10
APOLLOTYRE,Apollo Tyres Limited,eq,no,31-05-1995,1,1,INE438A01022,1
APOLSINHOT,Apollo Sindoori Hotels Limited,eq,no,28-01-2015,5,1,INE451F01024,5
APTECHT,Aptech Limited,eq,no,27-09-2002,10,1,INE266F01018,10
APTUS,Aptus Value Housing Finance India Limited,eq,no,24-08-2021,2,1,INE852O01025,2
AQYLON,Aqylon Nexus Limited,eq,no,01-04-2024,1,1,INE416A01051,1
ARCHIDPLY,Archidply Industries Limited,eq,no,04-07-2008,10,1,INE877I01016,10
ARCHIES,Archies Limited,eq,no,02-09-1998,2,1,INE731A01020,2
ARE&M,Amara Raja Energy & Mobility Limited,eq,no,05-09-2003,1,1,INE885A01032,1
ARENTERP,Rajdarshan Industries Limited,eq,no,18-10-1995,10,1,INE610C01014,10
ARFIN,Arfin India Limited,eq,no,22-07-2025,1,1,INE784R01023,1
ARIES,Aries Agro Limited,eq,no,11-01-2008,10,1,INE298I01015,10
ARIHANTCAP,Arihant Capital Markets Limited,eq,no,15-06-2021,1,1,INE420B01036,1
ARIHANTSUP,Arihant Superstructures Limited,eq,no,28-03-2017,10,1,INE643K01018,10
ARIS,Arisinfra Solutions Limited,eq,no,25-06-2025,2,1,INE0H9P01028,2
ARKADE,Arkade Developers Limited,eq,no,24-09-2024,10,1,INE0QRL01017,10
ARMANFIN,Arman Financial Services Limited,eq,no,14-06-2016,10,1,INE109C01017,10
AROGRANITE,Aro Granite Industries Limited,eq,no,24-04-2007,10,1,INE210C01013,10
ARROWGREEN,Arrow Greentech Limited,eq,no,21-05-2015,10,1,INE570D01018,10
ARSHIYA,Arshiya Limited,bz,no,14-12-2009,2,1,INE968D01022,2
ARSSBL,Anand Rathi Share and Stock Brokers Limited,eq,no,30-09-2025,5,1,INE549H01021,5
ARTEMISMED,Artemis Medicare Services Limited,eq,no,23-01-2020,1,1,INE025R01021,1
ARTNIRMAN,Art Nirman Limited,eq,no,18-10-2021,10,1,INE738V01013,10
ARVEE,Arvee Laboratories (India) Limited,eq,no,22-03-2021,10,1,INE006Z01016,10
ARVIND,Arvind Limited,eq,no,08-02-1995,10,1,INE034A01011,10
ARVINDFASN,Arvind Fashions Limited,eq,no,08-03-2019,4,1,INE955V01021,4
ARVSMART,Arvind SmartSpaces Limited,eq,no,26-08-2015,10,1,INE034S01021,10
ASAHIINDIA,Asahi India Glass Limited,eq,no,18-03-1998,1,1,INE439A01020,1
ASAHISONG,Asahi Songwon Colors Limited,eq,no,29-08-2011,10,1,INE228I01012,10
ASAL,Automotive Stampings and Assemblies Limited,eq,no,12-03-2002,10,1,INE900C01027,10
ASALCBR,Associated Alcohols & Breweries Ltd.,eq,no,12-02-2020,10,1,INE073G01016,10
ASHAPURMIN,Ashapura Minechem Limited,eq,no,20-09-1995,2,1,INE348A01023,2
ASHIANA,Ashiana Housing Limited,eq,no,29-06-2011,2,1,INE365D01021,2
ASHIMASYN,Ashima Limited,eq,no,27-07-1995,10,1,INE440A01010,10
ASHOKA,Ashoka Buildcon Limited,eq,no,14-10-2010,5,1,INE442H01029,5
ASHOKAMET,Ashoka Metcast Limited,eq,no,27-06-2023,10,1,INE760Y01011,10
ASHOKLEY,Ashok Leyland Limited,eq,yes,25-05-1995,1,1,INE208A01029,1
ASIANENE,Asian Energy Services Limited,eq,no,09-12-2021,10,1,INE276G01015,10
ASIANHOTNR,Asian Hotels (North) Limited,eq,no,07-04-2010,10,1,INE363A01022,10
ASIANPAINT,Asian Paints Limited,eq,yes,31-05-1995,1,1,INE021A01026,1
ASIANTILES,Asian Granito India Limited,eq,no,23-08-2007,10,1,INE022I01019,10
ASKAUTOLTD,ASK Automotive Limited,eq,no,15-11-2023,2,1,INE491J01022,2
ASMS,Bartronics India Limited,eq,no,09-02-2023,1,1,INE855F01042,1
ASPINWALL,Aspinwall and Company Limited,eq,no,14-06-2016,10,1,INE991I01015,10
ASTEC,Astec LifeSciences Limited,eq,no,25-11-2009,10,1,INE563J01010,10
ASTERDM,Aster DM Healthcare Limited,eq,no,26-02-2018,10,1,INE914M01019,10
ASTRAL,Astral Limited,eq,yes,20-03-2007,1,1,INE006I01046,1
ASTRAMICRO,Astra Microwave Products Limited,eq,no,01-11-2004,2,1,INE386C01029,2
ASTRAZEN,AstraZeneca Pharma India Limited,eq,no,04-05-2001,2,1,INE203A01020,2
ASTRON,Astron Paper & Board Mill Limited,eq,no,29-12-2017,10,1,INE646X01014,10
ATALREAL,Atal Realtech Limited,eq,no,12-05-2023,2,1,INE0ALR01029,2
ATAM,Atam Valves Limited,eq,no,10-05-2023,10,1,INE09KD01013,10
ATGL,Adani Total Gas Limited,eq,no,05-11-2018,1,1,INE399L01023,1
ATHERENERG,Ather Energy Limited,eq,no,06-05-2025,1,1,INE0LEZ01016,1
ATL,Allcargo Terminals Limited,eq,no,10-08-2023,2,1,INE0NN701020,2
ATLANTAA,ATLANTAA LIMITED,eq,no,25-09-2006,2,1,INE285H01022,2
ATLANTAELE,Atlanta Electricals Limited,eq,no,29-09-2025,2,1,INE0Z4F01028,2
ATLASCYCLE,Atlas Cycles (Haryana) Limited,eq,no,23-10-1996,5,1,INE446A01025,5
ATUL,Atul Limited,eq,no,06-05-1998,10,1,INE100A01010,10
ATULAUTO,Atul Auto Limited,eq,no,26-06-2013,5,1,INE951D01028,5
AUBANK,AU Small Finance Bank Limited,eq,yes,10-07-2017,10,1,INE949L01017,10
AURIGROW,Auri Grow India Limited,eq,no,24-12-2020,1,1,INE925Y01036,1
AURIONPRO,Aurionpro Solutions Limited,eq,no,25-10-2005,10,1,INE132H01018,10
AUROPHARMA,Aurobindo Pharma Limited,eq,yes,19-07-2000,1,1,INE406A01037,1
AURUM,Aurum PropTech Limited,eq,no,19-08-2015,5,1,INE898S01029,5
AUSOMENT,Ausom Enterprise Limited,be,no,17-04-1996,10,1,INE218C01016,10
AUTOAXLES,Automotive Axles Limited,eq,no,29-05-2003,10,1,INE449A01011,10
AUTOIND,Autoline Industries Limited,eq,no,31-01-2007,10,1,INE718H01014,10
AVADHSUGAR,Avadh Sugar & Energy Limited,eq,no,28-07-2017,10,1,INE349W01017,10
AVALON,Avalon Technologies Limited,eq,no,18-04-2023,2,1,INE0LCL01028,2
AVANTEL,Avantel Limited,eq,no,31-07-2024,2,1,INE005B01027,2
AVANTIFEED,Avanti Feeds Limited,eq,no,15-04-2015,1,1,INE871C01038,1
AVG,AVG Logistics Limited,eq,no,12-05-2023,10,1,INE680Z01018,10
AVL,Aditya Vision Limited,eq,no,06-11-2024,1,1,INE679V01027,1
AVONMORE,Avonmore Capital & Management Services Limited,eq,no,04-01-2023,1,1,INE323B01024,1
AVROIND,AVRO INDIA LIMITED,eq,no,07-04-2022,10,1,INE652Z01017,10
AVTNPL,AVT Natural Products Limited,eq,no,10-01-2007,1,1,INE488D01021,1
AWFIS,Awfis Space Solutions Limited,eq,no,30-05-2024,10,1,INE108V01019,10
AWHCL,Antony Waste Handling Cell Limited,eq,no,01-01-2021,5,1,INE01BK01022,5
AWL,AWL Agri Business Limited,eq,no,08-02-2022,1,1,INE699H01024,1
AXISBANK,Axis Bank Limited,eq,yes,16-11-1998,2,1,INE238A01034,2
AXISCADES,AXISCADES Technologies Limited,eq,no,21-12-2000,5,1,INE555B01013,5
AXITA,Axita Cotton Limited,eq,no,21-06-2022,1,1,INE02EZ01022,1
AYE,Aye Finance Limited,eq,no,16-02-2026,2,1,INE501X01029,2
AYMSYNTEX,AYM Syntex Limited,eq,no,14-08-2015,10,1,INE193B01039,10
AZAD,Azad Engineering Limited,eq,no,28-12-2023,2,1,INE02IJ01035,2
BAFNAPH,Bafna Pharmaceuticals Limited,eq,no,27-02-2020,10,1,INE878I01022,10
BAGFILMS,B.A.G Films and Media Limited,eq,no,17-10-2003,2,1,INE116D01028,2
BAIDFIN,Baid Finserv Limited,eq,no,20-01-2023,2,1,INE020D01022,2
BAJAJ-AUTO,Bajaj Auto Limited,eq,yes,26-05-2008,10,1,INE917I01010,10
BAJAJCON,Bajaj Consumer Care Limited,eq,no,18-08-2010,1,1,INE933K01021,1
BAJAJELEC,Bajaj Electricals Limited,eq,no,02-11-2007,2,1,INE193E01025,2
BAJAJFINSV,Bajaj Finserv Limited,eq,yes,26-05-2008,1,1,INE918I01026,1
BAJAJHCARE,Bajaj Healthcare Limited,eq,no,25-11-2021,5,1,INE411U01027,5
BAJAJHFL,Bajaj Housing Finance Limited,eq,no,16-09-2024,10,1,INE377Y01014,10
BAJAJHIND,Bajaj Hindusthan Sugar Limited,eq,no,10-05-1995,1,1,INE306A01021,1
BAJAJHLDNG,Bajaj Holdings & Investment Limited,eq,yes,15-03-1995,10,1,INE118A01012,10
BAJAJINDEF,Indef Manufacturing Limited,eq,no,21-02-2025,1,1,INE0O9T01021,1
BAJEL,Bajel Projects Limited,eq,no,19-12-2023,2,1,INE0KQN01018,2
BAJFINANCE,Bajaj Finance Limited,eq,yes,01-04-2003,1,1,INE296A01032,1
BALAJEE,Shree Tirupati Balajee Agro Trading Company Limited,eq,no,12-09-2024,10,1,INE0S2G01011,10
BALAJITELE,Balaji Telefilms Limited,eq,no,22-11-2000,2,1,INE794B01026,2
BALAMINES,Balaji Amines Limited,eq,no,05-04-2007,2,1,INE050E01027,2
BALAXI,BALAXI PHARMACEUTICALS LIMITED,eq,no,30-11-2015,2,1,INE618N01022,2
BALKRISHNA,Balkrishna Paper Mills Limited,eq,no,28-07-2015,10,1,INE875R01011,10
BALKRISIND,Balkrishna Industries Limited,eq,no,27-01-2006,2,1,INE787D01026,2
BALMLAWRIE,Balmer Lawrie & Company Limited,eq,no,06-07-1995,10,1,INE164A01016,10
BALPHARMA,Bal Pharma Limited,eq,no,08-05-2006,10,1,INE083D01012,10
BALRAMCHIN,Balrampur Chini Mills Limited,eq,no,08-02-1995,1,1,INE119A01028,1
BALUFORGE,Balu Forge Industries Limited,eq,no,29-04-2024,10,1,INE011E01029,10
BANARBEADS,Banaras Beads Limited,eq,no,07-07-1995,10,1,INE655B01011,10
BANARISUG,Bannari Amman Sugars Limited,eq,no,28-05-2003,10,1,INE459A01010,10
BANCOINDIA,Banco Products (I) Limited,eq,no,22-12-2006,2,1,INE213C01025,2
BANDHANBNK,Bandhan Bank Limited,eq,yes,27-03-2018,10,1,INE545U01014,10
BANG,Bang Overseas Limited,eq,no,20-02-2008,10,1,INE863I01016,10
BANKA,Banka BioLoo Limited,eq,no,29-10-2020,10,1,INE862Y01015,10
BANKBARODA,Bank of Baroda,eq,yes,19-02-1997,2,1,INE028A01039,2
BANKINDIA,Bank of India,eq,yes,30-04-1997,10,1,INE084A01016,10
BANSALWIRE,Bansal Wire Industries Limited,eq,no,10-07-2024,5,1,INE0B9K01025,5
BANSWRAS,Banswara Syntex Limited,eq,no,11-04-2007,5,1,INE629D01020,5
BASF,BASF India Limited,eq,no,17-05-1995,10,1,INE373A01013,10
BASML,Bannari Amman Spinning Mills Limited,eq,no,14-11-2005,5,1,INE186H01022,5
BATAINDIA,Bata India Limited,eq,no,18-06-2003,5,1,INE176A01028,5
BAYERCROP,Bayer Cropscience Limited,eq,no,08-01-2010,10,1,INE462A01022,10
BBL,Bharat Bijlee Limited,eq,no,21-11-2006,5,1,INE464A01036,5
BBOX,Black Box Limited,eq,no,22-07-2003,2,1,INE676A01027,2
BBTC,The Bombay Burmah Trading Corporation Limited,eq,no,03-04-1996,2,1,INE050A01025,2
BBTCL,B&B Triplewall Containers Limited,eq,no,23-11-2022,10,1,INE01EE01011,10
BCG,Brightcom Group Limited,be,no,08-05-2015,2,1,INE425B01027,2
BCLIND,Bcl Industries Limited,eq,no,04-03-2021,1,1,INE412G01024,1
BCONCEPTS,Brand Concepts Limited,eq,no,11-01-2022,10,1,INE977Y01011,10
BCPL,BCPL Railway Infrastructure Limited,eq,no,27-03-2026,10,1,INE00SW01015,10
BDL,Bharat Dynamics Limited,eq,yes,23-03-2018,5,1,INE171Z01026,5
BEARDSELL,Beardsell Limited,eq,no,13-01-2015,2,1,INE520H01022,2
BECTORFOOD,Mrs. Bectors Food Specialities Limited,eq,no,24-12-2020,2,1,INE495P01020,2
BEDMUTHA,Bedmutha Industries Limited,be,no,14-10-2010,10,1,INE844K01012,10
BEL,Bharat Electronics Limited,eq,yes,19-07-2000,1,1,INE263A01024,1
BELLACASA,Bella Casa Fashion & Retail Limited,eq,no,18-07-2025,10,1,INE344T01014,10
BELRISE,Belrise Industries Limited,eq,no,28-05-2025,5,1,INE894V01022,5
BEML,BEML Limited,eq,no,05-11-2003,5,1,INE258A01024,5
BEPL,Bhansali Engineering Polymers Limited,eq,no,21-03-2005,1,1,INE922A01025,1
BERGEPAINT,Berger Paints (I) Limited,eq,no,24-11-1999,1,1,INE463A01038,1
BESTAGRO,Best Agrolife Limited,be,no,10-04-2024,1,1,INE052T01021,1
BETA,Beta Drugs Limited,eq,no,24-11-2025,10,1,INE351Y01019,10
BFINVEST,BF Investment Limited,eq,no,14-01-2011,5,1,INE878K01010,5
BFUTILITIE,BF Utilities Limited,bz,no,03-05-2007,5,1,INE243D01012,5
BGRENERGY,BGR Energy Systems Limited,be,no,03-01-2008,10,1,INE661I01014,10
BHAGCHEM,Bhagiradha Chemicals & Industries Limited,eq,no,18-10-2021,1,1,INE414D01027,1
BHAGERIA,Bhageria Industries Limited,eq,no,02-03-2016,5,1,INE354C01027,5
BHAGYANGR,Bhagyanagar India Limited,eq,no,17-05-2017,2,1,INE458B01036,2
BHANDARI,Bhandari Hosiery Exports Limited,eq,no,30-01-2017,1,1,INE474E01029,1
BHARATCOAL,Bharat Coking Coal Limited,eq,no,19-01-2026,10,1,INE05XR01022,10
BHARATFORG,Bharat Forge Limited,eq,yes,04-04-2003,2,1,INE465A01025,2
BHARATGEAR,Bharat Gears Limited,eq,no,03-04-1996,10,1,INE561C01019,10
BHARATRAS,Bharat Rasayan Limited,eq,no,11-10-1995,5,1,INE838B01021,5
BHARATSE,Bharat Seats Limited,eq,no,24-03-2025,2,1,INE415D01024,2
BHARATWIRE,Bharat Wire Ropes Limited,eq,no,01-04-2016,10,1,INE316L01019,10
BHARTIARTL,Bharti Airtel Limited,eq,yes,15-02-2002,5,1,INE397D01024,5
BHARTIHEXA,Bharti Hexacom Limited,eq,no,12-04-2024,5,1,INE343G01021,5
BHEL,Bharat Heavy Electricals Limited,eq,yes,11-11-2003,2,1,INE257A01026,2
BIGBLOC,Bigbloc Construction Limited,eq,no,02-09-2016,2,1,INE412U01025,2
BIKAJI,Bikaji Foods International Limited,eq,no,16-11-2022,1,1,INE00E101023,1
BIL,Bhartiya International Limited,eq,no,12-04-2000,10,1,INE828A01016,10
BIOCON,Biocon Limited,eq,yes,07-04-2004,5,1,INE376G01013,5
BIOFILCHEM,Biofil Chemicals & Pharmaceuticals Limited,eq,no,12-06-1996,10,1,INE829A01014,10
BIRLACABLE,Birla Cable Limited,eq,no,06-12-1995,10,1,INE800A01015,10
BIRLACORPN,Birla Corporation Limited,eq,no,12-04-1995,10,1,INE340A01012,10
BIRLAMONEY,Aditya Birla Money Limited,eq,no,07-02-2008,1,1,INE865C01022,1
BIRLANU,BirlaNu Limited,eq,no,26-04-1995,10,1,INE557A01011,10
BLACKBUCK,BLACKBUCK LIMITED,eq,no,22-11-2024,1,1,INE0UIZ01018,1
BLAL,BEML Land Assets Limited,eq,no,19-04-2023,10,1,INE0N7W01012,10
BLBLIMITED,BLB Limited,be,no,31-05-2000,1,1,INE791A01024,1
BLISSGVS,Bliss GVS Pharma Limited,eq,no,26-07-2010,1,1,INE416D01022,1
BLKASHYAP,B. L. Kashyap and Sons Limited,eq,no,17-03-2006,1,1,INE350H01032,1
BLS,BLS International Services Limited,eq,no,14-06-2016,1,1,INE153T01027,1
BLSE,BLS E-Services Limited,eq,no,06-02-2024,10,1,INE0NLT01010,10
BLUECHIP,Blue Chip India Limited,be,no,12-03-1997,2,1,INE657B01025,2
BLUECOAST,Blue Coast Hotels Limited,eq,no,16-02-2000,10,1,INE472B01011,10
BLUEDART,Blue Dart Express Limited,eq,no,12-12-2002,10,1,INE233B01017,10
BLUEJET,Blue Jet Healthcare Limited,eq,no,01-11-2023,2,1,INE0KBH01020,2
BLUESTARCO,Blue Star Limited,eq,yes,15-06-2000,2,1,INE472A01039,2
BLUESTONE,BlueStone Jewellery and Lifestyle Limited,eq,no,19-08-2025,1,1,INE304W01038,1
BLUSPRING,Bluspring Enterprises Limited,eq,no,11-06-2025,10,1,INE0U4101014,10
BMWVENTLTD,BMW Ventures Limited,eq,no,01-10-2025,10,1,INE965W01036,10
BODALCHEM,Bodal Chemicals Limited,eq,no,22-08-2011,2,1,INE338D01028,2
BOHRAIND,Bohra Industries Limited,be,no,27-10-2022,10,1,INE802W01023,10
BOMDYEING,Bombay Dyeing & Mfg Company Limited,eq,no,26-04-1995,2,1,INE032A01023,2
BONLON,Bonlon Industries Limited,eq,no,20-02-2026,10,1,INE0B9A01018,10
BORANA,Borana Weaves Limited,be,no,27-05-2025,10,1,INE16SF01016,10
BOROLTD,Borosil Limited,eq,no,22-07-2020,1,1,INE02PY01013,1
BORORENEW,BOROSIL RENEWABLES LIMITED,eq,no,25-05-2018,1,1,INE666D01022,1
BOROSCI,Borosil Scientific Limited,eq,no,07-06-2024,1,1,INE02L001032,1
BOSCH-HCIL,BOSCH HOME COMFORT INDIA LIMITED,eq,no,03-01-2000,10,1,INE782A01015,10
BOSCHLTD,Bosch Limited,eq,yes,12-05-2003,10,1,INE323A01026,10
BPCL,Bharat Petroleum Corporation Limited,eq,yes,13-09-1995,10,1,INE029A01011,10
BPL,BPL Limited,eq,no,14-06-1995,10,1,INE110A01019,10
BRIGADE,Brigade Enterprises Limited,eq,no,31-12-2007,10,1,INE791I01019,10
BRIGHOTEL,Brigade Hotel Ventures Limited,eq,no,31-07-2025,10,1,INE03NU01014,10
BRITANNIA,Britannia Industries Limited,eq,yes,05-11-1998,1,1,INE216A01030,1
BRNL,Bharat Road Network Limited,eq,no,18-09-2017,10,1,INE727S01012,10
BROOKS,Brooks Laboratories Limited,eq,no,05-09-2011,10,1,INE650L01011,10
BSE,BSE Limited,eq,yes,03-02-2017,2,1,INE118H01025,2
BSHSL,Bombay Super Hybrid Seeds Limited,eq,no,28-10-2020,1,1,INE032Z01020,1
BSL,BSL Limited,eq,no,27-07-1995,10,1,INE594B01012,10
BSOFT,BIRLASOFT LIMITED,eq,no,24-11-1999,2,1,INE836A01035,2
BTML,Bodhi Tree Multimedia Limited,eq,no,15-02-2023,1,1,INE0EEJ01023,1
BUILDPRO,Shankara Buildpro Limited,eq,no,09-01-2026,10,1,INE24OJ01011,10
BUTTERFLY,Butterfly Gandhimathi Appliances Limited,eq,no,28-04-2014,10,1,INE295F01017,10
BVCL,Barak Valley Cements Limited,eq,no,23-11-2007,10,1,INE139I01011,10
BYKE,The Byke Hospitality Ltd,eq,no,15-04-2015,10,1,INE319B01014,10
CALSOFT,California Software Company Limited,eq,no,28-06-2000,10,1,INE526B01014,10
CAMLINFINE,Camlin Fine Sciences Limited,eq,no,20-01-2015,1,1,INE052I01032,1
CAMPUS,Campus Activewear Limited,eq,no,09-05-2022,5,1,INE278Y01022,5
CAMS,Computer Age Management Services Limited,eq,yes,07-05-2021,2,1,INE596I01020,2
CANBK,Canara Bank,eq,yes,23-12-2002,2,1,INE476A01022,2
CANFINHOME,Can Fin Homes Limited,eq,no,10-05-1995,2,1,INE477A01020,2
CANHLIFE,Canara HSBC Life Insurance Company Limited,eq,no,17-10-2025,10,1,INE01TY01017,10
CANTABIL,Cantabil Retail India Limited,eq,no,12-10-2010,2,1,INE068L01024,2
CAPACITE,Capacit'e Infraprojects Limited,eq,no,25-09-2017,10,1,INE264T01014,10
CAPILLARY,Capillary Technologies India Limited,eq,no,21-11-2025,2,1,INE0ILV01024,2
CAPITALSFB,Capital Small Finance Bank Limited,eq,no,14-02-2024,10,1,INE646H01017,10
CAPLIPOINT,Caplin Point Laboratories Limited,eq,no,23-06-2014,2,1,INE475E01026,2
CAPTRUST,Capital Trust Limited,be,no,16-01-2017,10,1,INE707C01018,10
CARBORUNIV,Carborundum Universal Limited,eq,no,03-04-1996,1,1,INE120A01034,1
CARERATING,CARE Ratings Limited,eq,no,26-12-2012,10,1,INE752H01013,10
CARRARO,Carraro India Limited,eq,no,30-12-2024,10,1,INE0V7W01012,10
CARTRADE,Cartrade Tech Limited,eq,no,20-08-2021,10,1,INE290S01011,10
CARYSIL,CARYSIL LIMITED,eq,no,14-01-2021,2,1,INE482D01024,2
CASTROLIND,Castrol India Limited,eq,no,14-03-2014,5,1,INE172A01027,5
CCAVENUE,AvenuesAI Limited,eq,no,04-04-2016,1,1,INE483S01020,1
CCCL,Consolidated Construction Consortium Limited,eq,no,15-10-2007,2,1,INE429I01024,2
CCHHL,Country Club Hospitality & Holidays Limited,eq,no,03-02-2015,2,1,INE652F01027,2
CCL,CCL Products (India) Limited,eq,no,07-06-2004,2,1,INE421D01022,2
CDSL,Central Depository Services (India) Limited,eq,yes,30-06-2017,10,1,INE736A01011,10
CEATLTD,CEAT Limited,eq,no,01-02-2008,10,1,INE482A01020,10
CEIGALL,Ceigall India Limited,eq,no,08-08-2024,5,1,INE0AG901020,5
CEINSYS,Ceinsys Tech Limited,eq,no,19-02-2026,10,1,INE016Q01014,10
CELEBRITY,Celebrity Fashions Limited,eq,no,12-01-2006,10,1,INE185H01016,10
CELLO,Cello World Limited,eq,no,06-11-2023,5,1,INE0LMW01024,5
CEMPRO,Cemindia Projects Limited,eq,no,10-02-1999,1,1,INE686A01026,1
CENTENKA,Century Enka Limited,eq,no,10-05-1995,10,1,INE485A01015,10
CENTEXT,Century Extrusions Limited,eq,no,20-07-2004,1,1,INE281A01026,1
CENTRALBK,Central Bank of India,eq,no,21-08-2007,10,1,INE483A01010,10
CENTRUM,Centrum Capital Limited,eq,no,04-04-2018,1,1,INE660C01027,1
CENTUM,Centum Electronics Limited,eq,no,05-10-2007,10,1,INE320B01020,10
CENTURYPLY,Century Plyboards (India) Limited,eq,no,23-03-2006,1,1,INE348B01021,1
CERA,Cera Sanitaryware Limited,eq,no,02-11-2007,5,1,INE739E01017,5
CEREBRAINT,Cerebra Integrated Technologies Limited,bz,no,26-06-2013,10,1,INE345B01019,10
CESC,CESC Limited,eq,no,08-02-1995,1,1,INE486A01021,1
CEWATER,Concord Enviro Systems Limited,eq,no,27-12-2024,5,1,INE037Z01029,5
CGCL,Capri Global Capital Limited,eq,no,29-10-2010,1,1,INE180C01042,1
CGPOWER,CG Power and Industrial Solutions Limited,eq,yes,01-03-1995,2,1,INE067A01029,2
CHALET,Chalet Hotels Limited,eq,no,07-02-2019,10,1,INE427F01016,10
CHAMBLFERT,Chambal Fertilizers & Chemicals Limited,eq,no,14-06-1995,10,1,INE085A01013,10
CHEMBOND,Chembond Material Technologies Limited,eq,no,20-11-2019,5,1,INE995D01025,5
CHEMBONDCH,Chembond Chemicals Limited,eq,no,23-07-2025,5,1,INE0TGX01019,5
CHEMCON,Chemcon Speciality Chemicals Limited,eq,no,01-10-2020,10,1,INE03YM01018,10
CHEMFAB,Chemfab Alkalis Limited,eq,no,25-04-2018,10,1,INE783X01023,10
CHEMPLASTS,Chemplast Sanmar Limited,eq,no,24-08-2021,5,1,INE488A01050,5
CHENNPETRO,Chennai Petroleum Corporation Limited,eq,no,07-06-2000,10,1,INE178A01016,10
CHEVIOT,Cheviot Company Limited,eq,no,20-06-2022,10,1,INE974B01016,10
CHOICEIN,Choice International Limited,eq,no,08-04-2022,10,1,INE102B01014,10
CHOLAFIN,Cholamandalam Investment and Finance Company Limited,eq,yes,15-05-1996,2,1,INE121A01024,2
CHOLAHLDNG,Cholamandalam Financial Holdings Limited,eq,no,25-09-2017,1,1,INE149A01033,1
CIEINDIA,CIE Automotive India Limited,eq,no,30-08-2007,10,1,INE536H01010,10
CIFL,Capital India Finance Limited,eq,no,17-04-2025,2,1,INE345H01024,2
CIGNITITEC,Cigniti Technologies Limited,eq,no,13-10-2014,10,1,INE675C01017,10
CINELINE,Cineline India Limited,eq,no,13-06-2012,5,1,INE704H01022,5
CINEVISTA,Cinevista Limited,eq,no,02-05-2000,2,1,INE039B01026,2
CIPLA,Cipla Limited,eq,yes,08-02-1995,2,1,INE059A01026,2
CLEAN,Clean Science and Technology Limited,eq,no,19-07-2021,1,1,INE227W01023,1
CLEANMAX,Clean Max Enviro Energy Solutions Limited,eq,no,02-03-2026,1,1,INE647U01026,1
CLEDUCATE,CL Educate Limited,be,no,31-03-2017,5,1,INE201M01029,5
CLSEL,Chaman Lal Setia Exports Limited,eq,no,12-05-2021,2,1,INE419D01026,2
CMPDI,Central Mine Planning & Design Institute Limited,eq,no,30-03-2026,2,1,INE05HV01027,2
CMSINFO,CMS Info Systems Limited,eq,no,31-12-2021,10,1,INE925R01014,10
CNL,Creative Newtech Limited,eq,no,05-08-2019,10,1,INE985W01018,10
COALINDIA,Coal India Limited,eq,yes,04-11-2010,10,1,INE522F01014,10
COASTCORP,Coastal Corporation Limited,eq,no,08-10-2021,2,1,INE377E01024,2
COCHINSHIP,Cochin Shipyard Limited,eq,no,11-08-2017,5,1,INE704P01025,5
COFFEEDAY,Coffee Day Enterprises Limited,eq,no,02-11-2015,10,1,INE335K01011,10
COFORGE,Coforge Limited,eq,yes,30-08-2004,2,1,INE591G01025,2
COHANCE,Cohance Lifesciences Limited,eq,no,09-03-2020,1,1,INE03QK01018,1
COLPAL,Colgate Palmolive (India) Limited,eq,yes,17-12-2007,1,1,INE259A01022,1
COMPINFO,Compuage Infocom Limited,bz,no,07-07-2016,2,1,INE070C01037,2
COMPUSOFT,Compucom Software Limited,eq,no,02-03-2012,2,1,INE453B01029,2
COMSYN,Commercial Syn Bags Limited,eq,no,23-01-2024,10,1,INE073V01015,10
CONCOR,Container Corporation of India Limited,eq,yes,07-05-1997,5,1,INE111A01025,5
CONCORDBIO,Concord Biotech Limited,eq,no,18-08-2023,1,1,INE338H01029,1
CONFIPET,Confidence Petroleum India Limited,eq,no,13-06-2019,1,1,INE552D01024,1
CONSOFINVT,Consolidated Finvest & Holdings Limited,be,no,29-03-2005,10,1,INE025A01027,10
CONTROLPR,Control Print Limited,eq,no,24-06-2016,10,1,INE663B01015,10
CORALFINAC,Coral India Finance & Housing Limited,eq,no,25-03-1996,2,1,INE558D01021,2
CORDSCABLE,Cords Cable Industries Limited,eq,no,13-02-2008,10,1,INE792I01017,10
COROMANDEL,Coromandel International Limited,eq,no,31-05-1995,1,1,INE169A01031,1
CORONA,CORONA Remedies Limited,eq,no,15-12-2025,10,1,INE02ZQ01018,10
COSMOFIRST,COSMO FIRST LIMITED,eq,no,25-05-1995,10,1,INE757A01017,10
COUNCODOS,Country Condo's Limited,eq,no,22-01-2009,1,1,INE695B01025,1
CPCAP,CP Capital Limited,eq,no,06-10-2010,10,1,INE521J01018,10
CPEDU,Career Point Edutech Limited,eq,no,05-09-2025,10,1,INE0P6P01016,10
CPPLUS,Aditya Infotech Limited,eq,no,05-08-2025,1,1,INE819V01029,1
CRAFTSMAN,Craftsman Automation Limited,eq,no,25-03-2021,5,1,INE00LO01017,5
CRAMC,Canara Robeco Asset Management Company Limited,eq,no,16-10-2025,10,1,INE218I01013,10
CREATIVEYE,Creative Eye Limited,eq,no,20-12-2000,5,1,INE230B01021,5
CREDITACC,CREDITACCESS GRAMEEN LIMITED,eq,no,23-08-2018,10,1,INE741K01010,10
CREST,Crest Ventures Limited,eq,no,27-12-2006,10,1,INE559D01011,10
CRISIL,CRISIL Limited,eq,no,28-06-1995,1,1,INE007A01025,1
CRIZAC,Crizac Limited,eq,no,09-07-2025,2,1,INE0S4R01014,2
CROMPTON,Crompton Greaves Consumer Electricals Limited,eq,yes,13-05-2016,2,1,INE299U01018,2
CROWN,Crown Lifters Limited,eq,no,08-02-2022,10,1,INE491V01019,10
CSBBANK,CSB Bank Limited,eq,no,04-12-2019,10,1,INE679A01013,10
CSLFINANCE,CSL Finance Limited,eq,no,21-07-2022,10,1,INE718F01018,10
CTE,Cambridge Technology Enterprises Limited,eq,no,07-02-2007,10,1,INE627H01017,10
CUB,City Union Bank Limited,eq,no,25-08-1998,1,1,INE491A01021,1
CUBEXTUB,Cubex Tubings Limited,eq,no,24-04-1996,10,1,INE144D01012,10
CUMMINSIND,Cummins India Limited,eq,yes,29-03-1995,2,1,INE298A01020,2
CUPID,Cupid Limited,eq,no,16-09-2016,1,1,INE509F01029,1
CURAA,Cura Technologies Limited,be,no,21-03-2025,10,1,INE117B01020,10
CYBERMEDIA,Cyber Media (India) Limited,eq,no,10-06-2005,10,1,INE278G01037,10
CYBERTECH,Cybertech Systems And Software Limited,eq,no,27-01-1999,10,1,INE214A01019,10
CYIENT,Cyient Limited,eq,no,30-09-1998,5,1,INE136B01020,5
CYIENTDLM,Cyient DLM Limited,eq,no,10-07-2023,10,1,INE055S01018,10
DABUR,Dabur India Limited,eq,yes,28-04-1999,1,1,INE016A01026,1
DALBHARAT,Dalmia Bharat Limited,eq,yes,22-01-2019,2,1,INE00R701025,2
DALMIASUG,Dalmia Bharat Sugar and Industries Limited,eq,no,17-01-1996,2,1,INE495A01022,2
DAMCAPITAL,Dam Capital Advisors Limited,eq,no,27-12-2024,2,1,INE284H01025,2
DAMODARIND,Damodar Industries Limited,eq,no,04-07-2016,5,1,INE497D01022,5
DANGEE,Dangee Dums Limited,eq,no,13-11-2020,1,1,INE688Y01022,1
DATAMATICS,Datamatics Global Services Limited,eq,no,07-05-2004,5,1,INE365B01017,5
DATAPATTNS,Data Patterns (India) Limited,eq,no,24-12-2021,2,1,INE0IX101010,2
DAVANGERE,Davangere Sugar Company Limited,eq,no,25-01-2024,1,1,INE179G01029,1
DBCORP,D.B.Corp Limited,eq,no,06-01-2010,10,1,INE950I01011,10
DBEIL,Deepak Builders & Engineers India Limited,eq,no,28-10-2024,10,1,INE0OPA01019,10
DBL,Dilip Buildcon Limited,eq,no,11-08-2016,10,1,INE917M01012,10
DBOL,Dhampur Bio Organics Limited,be,no,08-09-2022,10,1,INE0I3401014,10
DBREALTY,Valor Estate Limited,eq,no,24-02-2010,10,1,INE879I01012,10
DBSTOCKBRO,DB (International) Stock Brokers Limited,eq,no,29-02-2012,2,1,INE921B01025,2
DCAL,Dishman Carbogen Amcis Limited,eq,no,21-09-2017,2,1,INE385W01011,2
DCBBANK,DCB Bank Limited,eq,no,27-10-2006,10,1,INE503A01015,10
DCI,Dc Infotech And Communication Limited,be,no,19-10-2022,10,1,INE0A1101019,10
DCM,DCM  Limited,eq,no,29-03-1995,10,1,INE498A01018,10
DCMFINSERV,DCM Financial Services Limited,be,no,21-05-1997,10,1,INE891B01012,10
DCMNVL,DCM Nouvelle Limited,eq,no,16-07-2019,10,1,INE08KP01019,10
DCMSHRIRAM,DCM Shriram Limited,eq,no,12-04-1995,2,1,INE499A01024,2
DCMSIL,DCM Shriram International Limited,be,no,17-02-2026,2,1,INE0OU201013,2
DCMSRIND,DCM Shriram Industries Limited,eq,no,24-12-2021,2,1,INE843D01027,2
DCW,DCW Limited,eq,no,25-05-1995,2,1,INE500A01029,2
DCXINDIA,DCX Systems Limited,eq,no,11-11-2022,2,1,INE0KL801015,2
DDEVPLSTIK,Ddev Plastiks Industries Limited,eq,no,15-01-2025,1,1,INE0HR601026,1
DECCANCE,Deccan Cements Limited,eq,no,02-08-2007,5,1,INE583C01021,5
DEEDEV,DEE Development Engineers Limited,eq,no,26-06-2024,10,1,INE841L01016,10
DEEPAKFERT,Deepak Fertilizers and Petrochemicals Corporation Limited,eq,no,17-01-2003,10,1,INE501A01019,10
DEEPAKNTR,Deepak Nitrite Limited,eq,no,29-09-2010,2,1,INE288B01029,2
DEEPINDS,Deep Industries Limited,eq,no,27-04-2021,5,1,INE0FHS01024,5
DELHIVERY,Delhivery Limited,eq,yes,24-05-2022,1,1,INE148O01028,1
DELPHIFX,DELPHI WORLD MONEY LIMITED,eq,no,28-06-2011,2,1,INE726L01027,2
DELTACORP,Delta Corp Limited,eq,no,02-11-2007,1,1,INE124G01033,1
DELTAMAGNT,Delta Manufacturing Limited,eq,no,18-10-1995,10,1,INE393A01011,10
DEN,Den Networks Limited,eq,no,24-11-2009,10,1,INE947J01015,10
DENORA,De Nora India Limited,eq,no,07-08-1997,10,1,INE244A01016,10
DENTA,Denta Water and Infra Solutions Limited,eq,no,29-01-2025,10,1,INE0R4L01018,10
DEVIT,Dev Information Technology Limited,eq,no,15-02-2022,2,1,INE060X01034,2
DEVX,Dev Accelerator Limited,eq,no,17-09-2025,2,1,INE0VOV01021,2
DEVYANI,Devyani International Limited,eq,no,16-08-2021,1,1,INE872J01023,1
DGCONTENT,Digicontent Limited,eq,no,18-06-2019,2,1,INE03JI01017,2
DHAMPURSUG,Dhampur Sugar Mills Limited,eq,no,29-03-1995,10,1,INE041A01016,10
DHANBANK,Dhanlaxmi Bank Limited,eq,no,01-04-2004,10,1,INE680A01011,10
DHANUKA,Dhanuka Agritech Limited,eq,no,29-06-2011,2,1,INE435G01025,2
DHARMAJ,Dharmaj Crop Guard Limited,eq,no,08-12-2022,10,1,INE00OQ01016,10
DHRUV,Dhruv Consultancy Services Limited,eq,no,25-11-2021,10,1,INE506Z01015,10
DHUNINV,Dhunseri Investments Limited,eq,no,18-03-2011,10,1,INE320L01011,10
DIACABS,Diamond Power Infrastructure Limited,eq,no,15-09-2023,1,1,INE989C01038,1
DIAMINESQ,Diamines & Chemicals Limited,eq,no,25-09-2023,10,1,INE591D01014,10
DIAMONDYD,Prataap Snacks Limited,eq,no,05-10-2017,5,1,INE393P01035,5
DICIND,DIC India Limited,eq,no,30-08-1995,10,1,INE303A01010,10
DIFFNKG,Diffusion Engineers Limited,eq,no,04-10-2024,10,1,INE184O01015,10
DIGIDRIVE,Digidrive Distributors Limited,eq,no,10-01-2024,10,1,INE0PSC01024,10
DIGISPICE,DiGiSPICE Technologies Limited,eq,no,27-05-2008,3,1,INE927C01020,3
DIGITIDE,Digitide Solutions Limited,eq,no,11-06-2025,10,1,INE0U4701011,10
DIGJAMLMTD,Digjam Limited,eq,no,18-10-2021,10,1,INE731U01028,10
DISHTV,Dish TV India Limited,eq,no,18-04-2007,1,1,INE836F01026,1
DIVGIITTS,Divgi Torqtransfer Systems Limited,eq,no,14-03-2023,5,1,INE753U01022,5
DIVISLAB,Divi's Laboratories Limited,eq,yes,12-03-2003,2,1,INE361B01024,2
DIXON,Dixon Technologies (India) Limited,eq,yes,18-09-2017,2,1,INE935N01020,2
DJML,DJ Mediaprint & Logistics Limited,be,no,05-12-2022,10,1,INE0B1K01014,10
DLF,DLF Limited,eq,yes,05-07-2007,2,1,INE271C01023,2
DLINKINDIA,D-Link (India) Limited,eq,no,18-12-2009,2,1,INE250K01012,2
DMART,Avenue Supermarts Limited,eq,yes,21-03-2017,10,1,INE192R01011,10
DMCC,DMCC SPECIALITY CHEMICALS LIMITED,eq,no,01-12-2021,10,1,INE505A01010,10
DNAMEDIA,Diligent Media Corporation Limited,eq,no,11-12-2017,1,1,INE016M01021,1
DODLA,Dodla Dairy Limited,eq,no,28-06-2021,10,1,INE021O01019,10
DOLATALGO,Dolat Algotech Limited,eq,no,12-01-2024,1,1,INE966A01022,1
DOLLAR,Dollar Industries Limited,eq,no,21-04-2017,2,1,INE325C01035,2
DOLPHIN,Dolphin Offshore Enterprises (India) Limited,eq,no,21-08-2023,1,1,INE920A01037,1
DOMS,DOMS Industries Limited,eq,no,20-12-2023,10,1,INE321T01012,10
DONEAR,Donear Industries Limited,eq,no,20-12-2006,2,1,INE668D01028,2
DPABHUSHAN,D. P. Abhushan Limited,eq,no,03-11-2020,10,1,INE266Y01019,10
DPSCLTD,DPSC Limited,eq,no,21-04-2008,1,1,INE360C01024,1
DPWIRES,D P Wires Limited,eq,no,17-01-2020,10,1,INE864X01013,10
DRCSYSTEMS,DRC Systems India Limited,eq,no,10-03-2021,1,1,INE03RS01027,1
DREAMFOLKS,Dreamfolks Services Limited,eq,no,06-09-2022,2,1,INE0JS101016,2
DREDGECORP,Dredging Corporation of India Limited,eq,no,15-01-2004,10,1,INE506A01018,10
DRREDDY,Dr. Reddy's Laboratories Limited,eq,yes,30-05-2003,1,1,INE089A01031,1
DSFCL,DCM Shriram Fine Chemicals Limited,eq,no,17-02-2026,2,1,INE0OFM01015,2
DSSL,Dynacons Systems & Solutions Limited,eq,no,01-12-2011,10,1,INE417B01040,10
DTIL,Dhunseri Tea & Industries Limited,eq,no,20-01-2015,10,1,INE341R01014,10
DUCON,Ducon Infratechnologies Limited,be,no,09-10-2012,1,1,INE741L01018,1
DVL,Dhunseri Ventures Limited,eq,no,11-01-2008,10,1,INE477B01010,10
DWARKESH,Dwarikesh Sugar Industries Limited,eq,no,31-12-2004,1,1,INE366A01041,1
DYCL,Dynamic Cables Limited,eq,no,27-07-2022,10,1,INE600Y01019,10
DYNAMATECH,Dynamatic Technologies Limited,eq,no,14-09-2006,10,1,INE221B01012,10
DYNPRO,Dynemic Products Limited,eq,no,19-07-2017,10,1,INE256H01015,10
E2E,E2E Networks Limited,be,no,12-04-2022,10,1,INE255Z01019,10
EASEMYTRIP,Easy Trip Planners Limited,eq,no,19-03-2021,1,1,INE07O001026,1
EASTSILK,Eastern Silk Industries Limited,be,no,03-07-1996,2,1,INE962C01035,2
EBGNG,GNG Electronics Limited,eq,no,30-07-2025,2,1,INE18JU01028,2
ECLERX,eClerx Services Limited,eq,no,31-12-2007,10,1,INE738I01010,10
ECOSMOBLTY,Ecos (India) Mobility & Hospitality Limited,eq,no,04-09-2024,2,1,INE06HJ01020,2
EDELWEISS,Edelweiss Financial Services Limited,eq,no,12-12-2007,1,1,INE532F01054,1
EFCIL,EFC (I) Limited,eq,no,20-08-2025,2,1,INE886D01026,2
EICHERMOT,Eicher Motors Limited,eq,yes,07-09-2004,1,1,INE066A01021,1
EIDPARRY,EID Parry India Limited,eq,no,10-05-1995,1,1,INE126A01031,1
EIEL,Enviro Infra Engineers Limited,eq,no,29-11-2024,10,1,INE0LLY01014,10
EIFFL,Euro India Fresh Foods Limited,eq,no,12-10-2021,10,1,INE546V01010,10
EIHAHOTELS,EIH Associated Hotels Limited,eq,no,08-04-2008,10,1,INE276C01014,10
EIHOTEL,EIH Limited,eq,no,08-02-1995,2,1,INE230A01023,2
EIMCOELECO,Eimco Elecon (India) Limited,eq,no,17-04-1996,10,1,INE158B01016,10
EKC,Everest Kanto Cylinder Limited,eq,no,15-12-2005,2,1,INE184H01027,2
ELDEHSG,Eldeco Housing And Industries Limited,eq,no,12-04-2022,2,1,INE668G01021,2
ELECON,Elecon Engineering Company Limited,eq,no,29-09-2006,1,1,INE205B01031,1
ELECTCAST,Electrosteel Castings Limited,eq,no,20-06-2003,1,1,INE086A01029,1
ELECTHERM,Electrotherm (India) Limited,eq,no,20-08-2007,10,1,INE822G01016,10
ELGIEQUIP,Elgi Equipments Limited,eq,no,22-11-1995,1,1,INE285A01027,1
ELGIRUBCO,Elgi Rubber Company Limited,eq,no,10-08-2011,1,1,INE819L01012,1
ELIN,Elin Electronics Limited,eq,no,30-12-2022,5,1,INE050401020,5
ELLEN,Ellenbarrie Industrial Gases Limited,eq,no,01-07-2025,2,1,INE236E01022,2
EMAMILTD,Emami Limited,eq,no,03-08-2006,1,1,INE548C01032,1
EMAMIPAP,Emami Paper Mills Limited,eq,no,30-05-2019,2,1,INE830C01026,2
EMAMIREAL,Emami Realty Limited,eq,no,28-07-2010,2,1,INE778K01012,2
EMCURE,Emcure Pharmaceuticals Limited,eq,no,10-07-2024,10,1,INE168P01015,10
EMIL,Electronics Mart India Limited,eq,no,17-10-2022,10,1,INE02YR01019,10
EMKAY,Emkay Global Financial Services Limited,eq,no,28-04-2006,10,1,INE296H01011,10
EMMBI,Emmbi Industries Limited,eq,no,24-02-2010,10,1,INE753K01015,10
EMMVEE,Emmvee Photovoltaic Power Limited,eq,no,18-11-2025,2,1,INE1C6T01020,2
EMSLIMITED,EMS Limited,eq,no,21-09-2023,10,1,INE0OV601013,10
EMUDHRA,eMudhra Limited,eq,no,01-06-2022,5,1,INE01QM01018,5
ENDURANCE,Endurance Technologies Limited,eq,no,19-10-2016,10,1,INE913H01037,10
ENERGYDEV,Energy Development Company Limited,eq,no,02-11-2007,10,1,INE306C01019,10
ENGINERSIN,Engineers India Limited,eq,no,20-08-1997,5,1,INE510A01028,5
ENIL,Entertainment Network (India) Limited,eq,no,15-02-2006,10,1,INE265F01028,10
ENRIN,Siemens Energy India Limited,eq,no,19-06-2025,2,1,INE1NPP01017,2
ENTERO,Entero Healthcare Solutions Limited,eq,no,16-02-2024,10,1,INE010601016,10
EPACK,EPACK Durable Limited,eq,no,30-01-2024,10,1,INE0G5901015,10
EPACKPEB,EPack Prefab Technologies Limited,eq,no,01-10-2025,2,1,INE0MLS01022,2
EPIGRAL,Epigral Limited,eq,no,18-08-2021,10,1,INE071N01016,10
EPL,EPL Limited,eq,no,11-02-2002,2,1,INE255A01020,2
EQUIPPP,Equippp Social Impact Technologies Limited,be,no,19-05-2021,1,1,INE217G01035,1
EQUITASBNK,Equitas Small Finance Bank Limited,eq,no,02-11-2020,10,1,INE063P01018,10
ERIS,Eris Lifesciences Limited,eq,no,29-06-2017,1,1,INE406M01024,1
ESABINDIA,Esab India Limited,eq,no,01-11-1995,10,1,INE284A01012,10
ESAFSFB,ESAF Small Finance Bank Limited,eq,no,10-11-2023,10,1,INE818W01011,10
ESCORTS,Escorts Kubota Limited,eq,no,01-03-1995,10,1,INE042A01014,10
ESSARSHPNG,Essar Shipping Limited,eq,no,15-11-2011,10,1,INE122M01019,10
ESSENTIA,Integra Essentia Limited,eq,no,20-08-2013,1,1,INE418N01035,1
ESTER,Ester Industries Limited,eq,no,20-06-2011,5,1,INE778B01029,5
ETERNAL,ETERNAL LIMITED,eq,yes,23-07-2021,1,1,INE758T01015,1
ETHOSLTD,Ethos Limited,eq,no,30-05-2022,10,1,INE04TZ01018,10
EUREKAFORB,Eureka Forbes Limited,eq,no,11-09-2024,10,1,INE0KCE01017,10
EUROBOND,Euro Panel Products Limited,eq,no,01-08-2025,10,1,INE505V01016,10
EUROPRATIK,Euro Pratik Sales Limited,eq,no,23-09-2025,1,1,INE198501012,1
EUROTEXIND,Eurotex Industries and Exports Limited,eq,no,31-01-1996,10,1,INE022C01012,10
EVEREADY,Eveready Industries India Limited,eq,no,27-04-2005,5,1,INE128A01029,5
EVERESTIND,Everest Industries Limited,eq,no,29-03-1995,10,1,INE295A01018,10
EXCELINDUS,Excel Industries Limited,eq,no,16-06-2004,5,1,INE369A01029,5
EXCELSOFT,Excelsoft Technologies Limited,eq,no,26-11-2025,10,1,INE606N01019,10
EXICOM,Exicom Tele-Systems Limited,eq,no,05-03-2024,10,1,INE777F01014,10
EXIDEIND,Exide Industries Limited,eq,yes,17-06-2003,1,1,INE302A01020,1
EXPLEOSOL,Expleo Solutions Limited,eq,no,26-10-2009,10,1,INE201K01015,10
EXXARO,Exxaro Tiles Limited,eq,no,16-08-2021,1,1,INE0GFE01026,1
FABTECH,Fabtech Technologies Limited,eq,no,07-10-2025,10,1,INE0HF201011,10
FACT,Fertilizers and Chemicals Travancore Limited,eq,no,12-04-1995,10,1,INE188A01015,10
FAIRCHEMOR,Fairchem Organics Limited,eq,no,24-12-2020,10,1,INE0DNW01011,10
FAZE3Q,Faze Three Limited,be,no,18-11-2022,10,1,INE963C01033,10
FCL,Fineotex Chemical Limited,eq,no,15-01-2015,1,1,INE045J01034,1
FCSSOFT,FCS Software Solutions Limited,eq,no,21-09-2005,1,1,INE512B01022,1
FDC,FDC Limited,eq,no,07-08-1997,1,1,INE258B01022,1
FEDERALBNK,The Federal Bank  Limited,eq,yes,08-02-1995,2,1,INE171A01029,2
FEDFINA,Fedbank Financial Services Limited,eq,no,30-11-2023,10,1,INE007N01010,10
FEL,Future Enterprises Limited,bz,no,05-11-2001,2,1,INE623B01027,2
FELDVR,Future Enterprises Limited,bz,no,13-02-2009,2,1,IN9623B01058,2
FIBERWEB,Fiberweb (India) Limited,be,no,16-02-2022,10,1,INE296C01020,10
FIEMIND,Fiem Industries Limited,eq,no,19-10-2006,10,1,INE737H01014,10
FILATEX,Filatex India Limited,eq,no,29-08-2011,1,1,INE816B01035,1
FILATFASH,Filatex Fashions Limited,eq,no,06-05-2024,1,1,INE185E01021,1
FINCABLES,Finolex Cables Limited,eq,no,15-02-1995,2,1,INE235A01022,2
FINEORG,Fine Organic Industries Limited,eq,no,02-07-2018,5,1,INE686Y01026,5
FINKURVE,Finkurve Financial Services Limited,eq,no,01-10-2025,1,1,INE734I01027,1
FINOPB,Fino Payments Bank Limited,eq,no,12-11-2021,10,1,INE02NC01014,10
FINPIPE,Finolex Industries Limited,eq,no,08-02-1995,2,1,INE183A01024,2
FIRSTCRY,Brainbees Solutions Limited,eq,no,13-08-2024,2,1,INE02RE01045,2
FISCHER,Fischer Medical Ventures Limited,eq,no,10-07-2025,1,1,INE771F01041,1
FIVESTAR,Five-Star Business Finance Limited,eq,no,21-11-2022,1,1,INE128S01021,1
FLAIR,Flair Writing Industries Limited,eq,no,01-12-2023,5,1,INE00Y201027,5
FLEXITUFF,Flexituff Ventures International Limited,eq,no,19-10-2011,10,1,INE060J01017,10
FLFL,Future Lifestyle Fashions Limited,bz,no,01-10-2013,2,1,INE452O01016,2
FLUOROCHEM,Gujarat Fluorochemicals Limited,eq,no,16-10-2019,1,1,INE09N301011,1
FMGOETZE,Federal-Mogul Goetze (India) Limited.,eq,no,08-02-1995,10,1,INE529A01010,10
FMNL,Future Market Networks Limited,eq,no,31-12-2010,10,1,INE360L01017,10
FOCUS,Focus Lighting and Fixtures Limited,eq,no,24-11-2021,2,1,INE593W01028,2
FOODSIN,Foods & Inns Limited,eq,no,16-11-2021,1,1,INE976E01023,1
FORCEMOT,FORCE MOTORS LTD,eq,no,14-02-2024,10,1,INE451A01017,10
FORTIS,Fortis Healthcare Limited,eq,yes,09-05-2007,10,1,INE061F01013,10
FOSECOIND,Foseco India Limited,eq,no,05-05-2003,10,1,INE519A01011,10
FRACTAL,Fractal Analytics Limited,eq,no,16-02-2026,1,1,INE212S01015,1
FSL,Firstsource Solutions Limited,eq,no,22-02-2007,10,1,INE684F01012,10
FUSION,Fusion Finance Limited,eq,no,15-11-2022,10,1,INE139R01012,10
GABRIEL,Gabriel India Limited,eq,no,20-04-2005,1,1,INE524A01029,1
GAEL,Gujarat Ambuja Exports Limited,eq,no,11-10-2000,1,1,INE036B01030,1
GAIL,GAIL (India) Limited,eq,yes,02-04-1997,10,1,INE129A01019,10
GALAPREC,Gala Precision Engineering Limited,eq,no,09-09-2024,10,1,INE0RE001014,10
GALAXYSURF,Galaxy Surfactants Limited,eq,no,08-02-2018,10,1,INE600K01018,10
GALLANTT,Gallantt Ispat Limited,eq,no,04-04-2006,10,1,INE297H01019,10
GANDHAR,Gandhar Oil Refinery (India) Limited,eq,no,30-11-2023,2,1,INE717W01049,2
GANDHITUBE,Gandhi Special Tubes Limited,eq,no,31-01-2007,5,1,INE524B01027,5
GANECOS,Ganesha Ecosphere Limited,eq,no,09-03-2015,10,1,INE845D01014,10
GANESHBE,Ganesh Benzoplast Limited,eq,no,16-09-2021,1,1,INE388A01029,1
GANESHCP,Ganesh Consumer Products Limited,eq,no,29-09-2025,10,1,INE652V01016,10
GANESHHOU,GANESH HOUSING LIMITED,eq,no,02-03-2007,10,1,INE460C01014,10
GANGAFORGE,Ganga Forging Limited,eq,no,06-07-2021,1,1,INE691Z01023,1
GANGESSECU,Ganges Securities Limited,eq,no,28-07-2017,10,1,INE335W01016,10
GARFIBRES,Garware Technical Fibres Limited,eq,no,03-04-2007,10,1,INE276A01018,10
GARUDA,Garuda Construction and Engineering Limited,eq,no,15-10-2024,5,1,INE0JVO01026,5
GATECH,GACM Technologies Limited,eq,no,25-07-2016,1,1,INE224E01028,1
GATECHDVR,GACM Technologies Limited,eq,no,10-10-2017,1,1,INE224E01036,1
GATEWAY,Gateway Distriparks Limited,eq,no,22-03-2022,10,1,INE079J01017,10
GAUDIUMIVF,Gaudium IVF and Women Health Limited,eq,no,27-02-2026,5,1,INE0P8B01020,5
GAYAHWS,Gayatri Highways Limited,eq,no,28-06-2018,2,1,INE287Z01012,2
GAYAPROJ,Gayatri Projects Limited,be,no,22-08-2011,2,1,INE336H01023,2
GCSL,Gretex Corporate Services Limited,eq,no,04-09-2025,10,1,INE199P01028,10
GEECEE,GeeCee Ventures Limited,eq,no,04-10-2006,10,1,INE916G01016,10
GEEKAYWIRE,Geekay Wires Limited,eq,no,06-03-2020,1,1,INE669X01032,1
GEMAROMA,Gem Aromatics Limited,be,no,26-08-2025,2,1,INE06XZ01023,2
GENCON,Generic Engineering Construction and Projects Limited,eq,no,16-02-2021,5,1,INE854S01022,5
GENESYS,Genesys International Corporation Limited,eq,no,23-01-2003,5,1,INE727B01026,5
GENSOL,Gensol Engineering Limited,bz,no,03-07-2023,10,1,INE06H201014,10
GENUSPAPER,Genus Paper & Boards Limited,eq,no,16-02-2015,1,1,INE949P01018,1
GENUSPOWER,Genus Power Infrastructures Limited,eq,no,08-07-2005,1,1,INE955D01029,1
GEOJITFSL,Geojit Financial Services Limited,eq,no,01-07-2005,1,1,INE007B01023,1
GESHIP,The Great Eastern Shipping Company Limited,eq,no,27-11-2006,10,1,INE017A01032,10
GFLLIMITED,GFL Limited,eq,no,25-05-1995,1,1,INE538A01037,1
GHCL,GHCL Limited,eq,no,31-07-2003,10,1,INE539A01019,10
GHCLTEXTIL,GHCL Textiles Limited,eq,no,12-06-2023,2,1,INE0PA801013,2
GICHSGFIN,GIC Housing Finance Limited,eq,no,08-05-1996,10,1,INE289B01019,10
GICL,Globe International Carriers Limited,eq,no,18-02-2026,5,1,INE947T01022,5
GICRE,General Insurance Corporation of India,eq,no,25-10-2017,5,1,INE481Y01014,5
GILLANDERS,Gillanders Arbuthnot & Company Limited,eq,no,14-12-2009,10,1,INE047B01011,10
GILLETTE,Gillette India Limited,eq,no,30-07-2003,10,1,INE322A01010,10
GINNIFILA,Ginni Filaments Limited,eq,no,10-05-1995,10,1,INE424C01010,10
GIPCL,Gujarat Industries Power Company Limited,eq,no,08-02-1995,10,1,INE162A01010,10
GKENERGY,GK Energy Limited,eq,no,26-09-2025,2,1,INE1AG301022,2
GKSL,Gujarat Kidney And Super Speciality Limited,eq,no,30-12-2025,2,1,INE0V0W01025,2
GKWLIMITED,GKW Limited,eq,no,20-07-2009,10,1,INE528A01020,10
GLAND,Gland Pharma Limited,eq,no,20-11-2020,1,1,INE068V01023,1
GLAXO,GlaxoSmithKline Pharmaceuticals Limited,eq,no,15-12-2000,10,1,INE159A01016,10
GLENMARK,Glenmark Pharmaceuticals Limited,eq,yes,07-02-2000,1,1,INE935A01035,1
GLFL,Gujarat Lease Financing Limited,eq,no,08-02-1995,10,1,INE540A01017,10
GLOBAL,Global Education Limited,eq,no,07-12-2020,2,1,INE291W01037,2
GLOBALE,Globale Tessile Limited,eq,no,27-08-2024,10,1,INE0URU01010,10
GLOBALVECT,Global Vectra Helicorp Limited,eq,no,27-10-2006,10,1,INE792H01019,10
GLOBE,GLOBE ENTERPRISES (INDIA) LIMITED,eq,no,07-10-2020,2,1,INE581X01021,2
GLOBECIVIL,Globe Civil Projects Limited,eq,no,01-07-2025,10,1,INE0V3U01015,10
GLOBUSSPR,Globus Spirits Limited,eq,no,23-09-2009,10,1,INE615I01010,10
GLOSTERLTD,Gloster Limited,eq,no,26-04-2024,10,1,INE350Z01018,10
GLOTTIS,Glottis Limited,eq,no,07-10-2025,2,1,INE0TQE01026,2
GMBREW,GM Breweries Limited,eq,no,23-08-1995,10,1,INE075D01018,10
GMDCLTD,Gujarat Mineral Development Corporation Limited,eq,no,17-12-1997,2,1,INE131A01031,2
GMMPFAUDLR,GMM Pfaudler Limited,eq,no,05-03-2018,2,1,INE541A01023,2
GMRAIRPORT,GMR AIRPORTS LIMITED,eq,yes,21-08-2006,1,1,INE776C01039,1
GMRP&UI,GMR Power and Urban Infra Limited,eq,no,23-03-2022,5,1,INE0CU601026,5
GNA,GNA Axles Limited,eq,no,26-09-2016,10,1,INE934S01014,10
GNFC,Gujarat Narmada Valley Fertilizers and Chemicals Limited,eq,no,17-05-1995,10,1,INE113A01013,10
GOACARBON,Goa Carbon Limited,eq,no,05-06-2007,10,1,INE426D01013,10
GOCLCORP,GOCL Corporation Limited,eq,no,26-06-2014,2,1,INE077F01035,2
GOCOLORS,Go Fashion (India) Limited,eq,no,30-11-2021,10,1,INE0BJS01011,10
GODAVARIB,Godavari Biorefineries Limited,eq,no,30-10-2024,10,1,INE497S01012,10
GODFRYPHLP,Godfrey Phillips India Limited,eq,no,24-07-1996,2,1,INE260B01028,2
GODIGIT,Go Digit General Insurance Limited,eq,no,23-05-2024,10,1,INE03JT01014,10
GODREJAGRO,Godrej Agrovet Limited,eq,no,16-10-2017,10,1,INE850D01014,10
GODREJCP,Godrej Consumer Products Limited,eq,yes,20-06-2001,1,1,INE102D01028,1
GODREJIND,Godrej Industries Limited,eq,no,25-02-2003,1,1,INE233A01035,1
GODREJPROP,Godrej Properties Limited,eq,yes,05-01-2010,5,1,INE484J01027,5
GOKEX,Gokaldas Exports Limited,eq,no,27-04-2005,5,1,INE887G01027,5
GOKUL,Gokul Refoils and Solvent Limited,eq,no,04-06-2008,2,1,INE020J01029,2
GOKULAGRO,Gokul Agro Resources Limited,eq,no,11-03-2016,1,1,INE314T01033,1
GOLDENTOBC,Golden Tobacco Limited,bz,no,08-02-1995,10,1,INE973A01010,10
GOLDIAM,Goldiam International Limited,eq,no,29-08-2005,2,1,INE025B01025,2
GOLDTECH,AION-TECH SOLUTIONS LIMITED,eq,no,11-04-2001,10,1,INE805A01014,10
GOODLUCK,Goodluck India Limited,eq,no,08-01-2015,2,1,INE127I01024,2
GOPAL,Gopal Snacks Limited,eq,no,14-03-2024,1,1,INE0L9R01028,1
GOYALALUM,Goyal Aluminiums Limited,eq,no,04-11-2022,1,1,INE705X01026,1
GPIL,Godawari Power And Ispat limited,eq,no,25-04-2006,1,1,INE177H01039,1
GPPL,Gujarat Pipavav Port Limited,eq,no,09-09-2010,10,1,INE517F01014,10
GPTHEALTH,GPT Healthcare Limited,eq,no,29-02-2024,10,1,INE486R01017,10
GPTINFRA,GPT Infraprojects Limited,eq,no,11-07-2016,10,1,INE390G01014,10
GRANULES,Granules India Limited,eq,no,20-06-2005,1,1,INE101D01020,1
GRAPHITE,Graphite India Limited,eq,no,07-02-2003,2,1,INE371A01025,2
GRASIM,Grasim Industries Limited,eq,yes,10-05-1995,2,1,INE047A01021,2
GRAVITA,Gravita India Limited,eq,no,16-11-2010,2,1,INE024L01027,2
GREAVESCOT,Greaves Cotton Limited,eq,no,09-09-2004,2,1,INE224A01026,2
GREENLAM,Greenlam Industries Limited,eq,no,02-03-2015,1,1,INE544R01021,1
GREENPANEL,Greenpanel Industries Limited,eq,no,23-10-2019,1,1,INE08ZM01014,1
GREENPLY,Greenply Industries Limited,eq,no,06-03-1996,1,1,INE461C01038,1
GREENPOWER,Orient Green Power Company Limited,eq,no,08-10-2010,10,1,INE999K01014,10
GRINDWELL,Grindwell Norton Limited,eq,no,11-09-2006,5,1,INE536A01023,5
GRINFRA,G R Infraprojects Limited,eq,no,19-07-2021,5,1,INE201P01022,5
GRMOVER,GRM Overseas Limited,eq,no,07-09-2022,2,1,INE192H01020,2
GROBTEA,The Grob Tea Company Limited,eq,no,14-07-2016,10,1,INE646C01018,10
GROWW,Billionbrains Garage Ventures Limited,eq,no,12-11-2025,2,1,INE0HOQ01053,2
GRPLTD,GRP Limited,eq,no,12-02-2015,10,1,INE137I01015,10
GRSE,Garden Reach Shipbuilders & Engineers Limited,eq,no,10-10-2018,10,1,INE382Z01011,10
GRWRHITECH,Garware Hi-Tech Films Limited,eq,no,03-02-2022,10,1,INE291A01017,10
GSFC,Gujarat State Fertilizers & Chemicals Limited,eq,no,06-09-1995,2,1,INE026A01025,2
GSLSU,Global Surfaces Limited,eq,no,23-03-2023,10,1,INE0JSX01015,10
GSPCROP,GSP Crop Science Limited,eq,no,24-03-2026,10,1,INE713R01022,10
GSPL,Gujarat State Petronet Limited,eq,no,16-02-2006,10,1,INE246F01010,10
GSS,GSS Infotech Limited,eq,no,07-03-2008,10,1,INE871H01011,10
GTECJAINX,G-TEC JAINX EDUCATION LIMITED,eq,no,13-11-2020,10,1,INE586X01012,10
GTL,GTL Limited,eq,no,29-03-1995,10,1,INE043A01012,10
GTLINFRA,GTL Infrastructure Limited,eq,no,09-11-2006,10,1,INE221H01019,10
GTPL,GTPL Hathway Limited,eq,no,04-07-2017,10,1,INE869I01013,10
GUFICBIO,Gufic Biosciences Limited,eq,no,19-10-2004,1,1,INE742B01025,1
GUJALKALI,Gujarat Alkalies and Chemicals Limited,eq,no,07-08-1997,10,1,INE186A01019,10
GUJAPOLLO,Gujarat Apollo Industries Limited,eq,no,04-06-2007,10,1,INE826C01016,10
GUJGASLTD,Gujarat Gas Limited,eq,no,15-09-2015,2,1,INE844O01030,2
GUJRAFFIA,Gujarat Raffia Industries Limited,eq,no,09-10-1996,10,100,INE610B01024,10
GUJTHEM,Gujarat Themis Biosyn Limited,eq,no,25-02-2025,1,1,INE942C01045,1
GULFOILLUB,Gulf Oil Lubricants India Limited,eq,no,31-07-2014,2,1,INE635Q01029,2
GULFPETRO,GP Petroleums Limited,eq,no,24-09-2004,5,1,INE586G01017,5
GULPOLY,Gulshan Polyols Limited,eq,no,28-01-2015,1,1,INE255D01024,1
GVKPIL,GVK Power & Infrastructure Limited,be,no,27-02-2006,1,1,INE251H01024,1
GVPIL,GE Power India Limited,be,no,19-04-2000,10,1,INE878A01011,10
GVPTECH,GVP Infotech Limited,eq,no,06-09-2022,2,1,INE382T01030,2
GVT&D,GE Vernova T&D India Limited,eq,no,30-06-2008,2,1,INE200A01026,2
HAL,Hindustan Aeronautics Limited,eq,yes,28-03-2018,5,1,INE066F01020,5
HALDER,Halder Venture Limited,eq,no,19-01-2026,10,1,INE115S01010,10
HALEOSLABS,HALEOS LABS LIMITED,eq,no,17-08-2017,10,1,INE320X01016,10
HAPPSTMNDS,Happiest Minds Technologies Limited,eq,no,17-09-2020,2,1,INE419U01012,2
HAPPYFORGE,Happy Forgings Limited,eq,no,27-12-2023,2,1,INE330T01021,2
HARDWYN,Hardwyn India Limited,eq,no,12-04-2022,1,1,INE626Z01029,1
HARIOMPIPE,Hariom Pipe Industries Limited,eq,no,13-04-2022,10,1,INE00EV01017,10
HARRMALAYA,Harrisons  Malayalam Limited,eq,no,08-02-1995,10,1,INE544A01019,10
HARSHA,Harsha Engineers International Limited,eq,no,26-09-2022,10,1,INE0JUS01029,10
HATHWAY,Hathway Cable & Datacom Limited,eq,no,25-02-2010,2,1,INE982F01036,2
HATSUN,Hatsun Agro Product Limited,eq,no,20-06-2014,1,1,INE473B01035,1
HAVELLS,Havells India Limited,eq,yes,21-03-2001,1,1,INE176B01034,1
HAVISHA,Sri Havisha Hospitality and Infrastructure Limited,eq,no,16-02-2000,2,1,INE293B01029,2
HBLENGINE,HBL Engineering Limited,eq,no,04-01-2007,1,1,INE292B01021,1
HBSL,HB Stockholdings Limited,eq,no,23-07-2018,10,1,INE550B01022,10
HCC,Hindustan Construction Company Limited,eq,no,01-04-2003,1,1,INE549A01026,1
HCG,Healthcare Global Enterprises Limited,eq,no,30-03-2016,10,1,INE075I01017,10
HCL-INSYS,HCL Infosystems Limited,eq,no,01-01-1997,2,1,INE236A01020,2
HCLTECH,HCL Technologies Limited,eq,yes,06-01-2000,2,1,INE860A01027,2
HDBFS,HDB Financial Services Limited,eq,no,02-07-2025,10,1,INE756I01012,10
HDFCAMC,HDFC Asset Management Company Limited,eq,yes,06-08-2018,5,1,INE127D01025,5
HDFCBANK,HDFC Bank Limited,eq,yes,08-11-1995,1,1,INE040A01034,1
HDFCLIFE,HDFC Life Insurance Company Limited,eq,yes,17-11-2017,10,1,INE795G01014,10
HDIL,Housing Development and Infrastructure Limited,bz,no,24-07-2007,10,1,INE191I01012,10
HEADSUP,Heads UP Ventures Limited,eq,no,14-12-2016,10,1,INE759V01019,10
HECPROJECT,HEC Infra Projects Limited,eq,no,30-12-2021,10,1,INE558R01013,10
HEG,HEG Limited,eq,no,10-05-1995,2,1,INE545A01024,2
HEIDELBERG,HeidelbergCement India Limited,eq,no,15-03-1995,10,1,INE578A01017,10
HEMIPROP,Hemisphere Properties India Limited,eq,no,22-10-2020,10,1,INE0AJG01018,10
HERANBA,Heranba Industries Limited,eq,no,05-03-2021,10,1,INE694N01015,10
HERITGFOOD,Heritage Foods Limited,eq,no,27-11-1996,5,1,INE978A01027,5
HEROMOTOCO,Hero MotoCorp Limited,eq,yes,11-04-2003,2,1,INE158A01026,2
HESTERBIO,Hester Biosciences Limited,eq,no,13-03-2015,10,1,INE782E01017,10
HEXATRADEX,Hexa Tradex Limited,eq,no,20-04-2012,2,1,INE750M01017,2
HEXT,Hexaware Technologies Limited,eq,no,19-02-2025,1,1,INE093A01041,1
HFCL,HFCL Limited,eq,no,09-03-2011,1,1,INE548A01028,1
HGINFRA,H.G. Infra Engineering Limited,eq,no,09-03-2018,10,1,INE926X01010,10
HGM,HandsOn Global Management (HGM) Limited,eq,no,27-09-2006,10,1,INE596H01014,10
HGS,Hinduja Global Solutions Limited,eq,no,19-06-2007,10,1,INE170I01016,10
HIKAL,Hikal Limited,eq,no,14-02-2001,2,1,INE475B01022,2
HILINFRA,Highway Infrastructure Limited,eq,no,12-08-2025,5,1,INE00RL01028,5
HILTON,Hilton Metal Forging Limited,eq,no,24-05-2007,10,1,INE788H01017,10
HIMATSEIDE,Himatsingka Seide Limited,eq,no,08-02-1995,5,1,INE049A01027,5
HINDALCO,Hindalco Industries Limited,eq,yes,08-01-1997,1,1,INE038A01020,1
HINDCOMPOS,Hindustan Composites Limited,eq,no,08-05-1996,5,1,INE310C01029,5
HINDCON,Hindcon Chemicals Limited,eq,no,05-07-2021,2,1,INE642Y01029,2
HINDCOPPER,Hindustan Copper Limited,eq,no,15-09-2010,5,1,INE531E01026,5
HINDOILEXP,Hindustan Oil Exploration Company Limited,eq,no,23-09-2003,10,1,INE345A01011,10
HINDPETRO,Hindustan Petroleum Corporation Limited,eq,yes,17-06-1998,10,1,INE094A01015,10
HINDUNILVR,Hindustan Unilever Limited,eq,yes,06-07-1995,1,1,INE030A01027,1
HINDWAREAP,Hindware Home Innovation Limited,eq,no,26-12-2019,2,1,INE05AN01011,2
HINDZINC,Hindustan Zinc Limited,eq,yes,21-11-2006,2,1,INE267A01025,2
HIRECT,Hind Rectifiers Limited,eq,no,26-12-2006,2,1,INE835D01023,2
HISARMETAL,Hisar Metal Industries Limited,eq,no,05-01-2017,10,1,INE598C01011,10
HITECH,Hi-Tech Pipes Limited,eq,no,07-05-2018,1,1,INE106T01025,1
HITECHCORP,Hitech Corporation Limited,eq,no,20-12-2007,10,1,INE120D01012,10
HITECHGEAR,The Hi-Tech Gears Limited,be,no,21-01-2002,10,1,INE127B01011,10
HLEGLAS,HLE Glascoat Limited,eq,no,09-02-2023,2,1,INE461D01028,2
HLVLTD,HLV LIMITED,eq,no,19-07-1995,2,1,INE102A01024,2
HMAAGRO,HMA Agro Industries Limited,eq,no,04-07-2023,1,1,INE0ECP01024,1
HMT,HMT Limited,bz,no,29-08-2003,10,1,INE262A01018,10
HMVL,Hindustan Media Ventures Limited,eq,no,21-07-2010,10,1,INE871K01015,10
HNDFDS,Hindustan Foods Limited,eq,no,06-06-2023,2,1,INE254N01026,2
HOMEFIRST,Home First Finance Company India Limited,eq,no,03-02-2021,2,1,INE481N01025,2
HONASA,Honasa Consumer Limited,eq,no,07-11-2023,10,1,INE0J5401028,10
HONAUT,Honeywell Automation India Limited,eq,no,18-07-2003,10,1,INE671A01010,10
HONDAPOWER,Honda India Power Products Limited,eq,no,01-04-2003,10,1,INE634A01018,10
HPAL,HP Adhesives Limited,eq,no,27-12-2021,2,1,INE0GSL01024,2
HPIL,Hindprakash Industries Limited,eq,no,07-11-2022,10,1,INE05X901010,10
HPL,HPL Electric & Power Limited,eq,no,04-10-2016,10,1,INE495S01016,10
HSCL,Himadri Speciality Chemical Limited,eq,no,02-03-2007,1,1,INE019C01026,1
HTMEDIA,HT Media Limited,eq,no,01-09-2005,2,1,INE501G01024,2
HUBTOWN,Hubtown Limited,eq,no,07-02-2007,10,1,INE703H01016,10
HUDCO,Housing & Urban Development Corporation Limited,eq,yes,19-05-2017,10,1,INE031A01017,10
HUHTAMAKI,Huhtamaki India Limited,eq,no,01-10-2004,2,1,INE275B01026,2
HYBRIDFIN,Hybrid Financial Services Limited,eq,no,05-12-2022,5,1,INE965B01022,5
HYUNDAI,Hyundai Motor India Limited,eq,no,22-10-2024,10,1,INE0V6F01027,10
IBULLSLTD,Indiabulls Limited,eq,no,18-08-2011,2,1,INE126M01010,2
ICDSLTD,ICDS Limited,be,no,17-11-1999,10,1,INE613B01010,10
ICEMAKE,Ice Make Refrigeration Limited,eq,no,12-10-2020,10,1,INE520Y01019,10
ICICIAMC,ICICI Prudential Asset Management Company Limited,eq,no,19-12-2025,1,1,INE346A01027,1
ICICIBANK,ICICI Bank Limited,eq,yes,17-09-1997,2,1,INE090A01021,2
ICICIGI,ICICI Lombard General Insurance Company Limited,eq,yes,27-09-2017,10,1,INE765G01017,10
ICICIPRULI,ICICI Prudential Life Insurance Company Limited,eq,yes,29-09-2016,10,1,INE726G01019,10
ICIL,Indo Count Industries Limited,eq,no,12-09-2005,2,1,INE483B01026,2
ICRA,ICRA Limited,eq,no,13-04-2007,10,1,INE725G01011,10
IDBI,IDBI Bank Limited,eq,no,20-09-1995,10,1,INE008A01015,10
IDEA,Vodafone Idea Limited,eq,yes,09-03-2007,10,1,INE669E01016,10
IDEAFORGE,Ideaforge Technology Limited,eq,no,07-07-2023,10,1,INE349Y01013,10
IDFCFIRSTB,IDFC First Bank Limited,eq,yes,06-11-2015,10,1,INE092T01019,10
IEX,Indian Energy Exchange Limited,eq,yes,23-10-2017,1,1,INE022Q01020,1
IFBAGRO,IFB Agro Industries Limited,eq,no,03-04-1996,10,1,INE076C01018,10
IFBIND,IFB Industries Limited,eq,no,29-03-1995,10,1,INE559A01017,10
IFCI,IFCI Limited,eq,no,26-04-1995,10,1,INE039A01010,10
IFGLEXPOR,IFGL Refractories Limited,eq,no,14-11-2017,10,1,INE133Y01011,10
IGARASHI,Igarashi Motors India Limited,eq,no,09-10-2003,10,1,INE188B01013,10
IGCL,Indogulf Cropsciences Limited,eq,no,03-07-2025,10,1,INE05J901018,10
IGIL,International Gemmological Institute (India) Limited,eq,no,20-12-2024,2,1,INE0Q9301021,2
IGL,Indraprastha Gas Limited,eq,no,26-12-2003,2,1,INE203G01027,2
IGPL,IG Petrochemicals Limited,eq,no,29-01-2007,10,1,INE204A01010,10
IIFL,IIFL Finance Limited,eq,no,17-05-2005,2,1,INE530B01024,2
IIFLCAPS,IIFL Capital Services Limited,eq,no,20-09-2019,2,1,INE489L01022,2
IITL,Industrial Investment Trust Limited,eq,no,17-08-2010,10,1,INE886A01014,10
IKIO,IKIO Technologies Limited,eq,no,16-06-2023,10,1,INE0LOJ01019,10
IKS,Inventurus Knowledge Solutions Limited,eq,no,19-12-2024,1,1,INE115Q01022,1
IL&FSENGG,IL&FS Engineering and Construction Company Limited,bz,no,25-10-2007,10,1,INE369I01014,10
IL&FSTRANS,IL&FS Transportation Networks Limited,bz,no,30-03-2010,10,1,INE975G01012,10
IMAGICAA,Imagicaaworld Entertainment Limited,eq,no,06-04-2015,10,1,INE172N01012,10
IMFA,Indian Metals & Ferro Alloys Limited,eq,no,23-07-2010,10,1,INE919H01018,10
IMPAL,India Motor Parts and Accessories Limited,eq,no,07-10-2005,10,1,INE547E01014,10
IMPEXFERRO,Impex Ferro Tech Limited,bz,no,03-02-2005,10,1,INE691G01015,10
INA,Insolation Energy Limited,eq,no,09-03-2026,1,1,INE0LGX01024,1
INCREDIBLE,INCREDIBLE INDUSTRIES LIMITED,eq,no,01-07-2016,10,1,INE452L01012,10
INDBANK,Indbank Merchant Banking Services Limited,eq,no,08-10-2008,10,1,INE841B01017,10
INDGN,Indegene Limited,eq,no,13-05-2024,2,1,INE065X01017,2
INDHOTEL,The Indian Hotels Company Limited,eq,yes,03-07-1996,1,1,INE053A01029,1
INDIACEM,The India Cements Limited,eq,no,31-05-2000,10,1,INE383A01012,10
INDIAGLYCO,India Glycols Limited,eq,no,01-07-2005,5,1,INE560A01023,5
INDIAMART,Indiamart Intermesh Limited,eq,no,04-07-2019,10,1,INE933S01016,10
INDIANB,Indian Bank,eq,yes,01-03-2007,10,1,INE562A01011,10
INDIANCARD,Indian Card Clothing Company Limited,eq,no,08-01-1997,10,1,INE061A01014,10
INDIANHUME,Indian Hume Pipe Company Limited,eq,no,30-08-1995,2,1,INE323C01030,2
INDIASHLTR,India Shelter Finance Corporation Limited,eq,no,20-12-2023,5,1,INE922K01024,5
INDIGO,InterGlobe Aviation Limited,eq,yes,10-11-2015,10,1,INE646L01027,10
INDIGOPNTS,Indigo Paints Limited,eq,no,02-02-2021,10,1,INE09VQ01012,10
INDIQUBE,Indiqube Spaces Limited,eq,no,30-07-2025,1,1,INE06ST01018,1
INDNIPPON,India Nippon Electricals Limited,eq,no,07-05-1997,5,1,INE092B01025,5
INDOAMIN,Indo Amines Limited,eq,no,29-04-2022,5,1,INE760F01028,5
INDOBORAX,Indo Borax & Chemicals Limited,eq,no,29-03-2022,1,1,INE803D01021,1
INDOCO,Indoco Remedies Limited,eq,no,14-01-2005,2,1,INE873D01024,2
INDOFARM,Indo Farm Equipment Limited,eq,no,07-01-2025,10,1,INE622H01018,10
INDORAMA,Indo Rama Synthetics (India) Limited,eq,no,20-06-2003,10,1,INE156A01020,10
INDOSTAR,IndoStar Capital Finance Limited,eq,no,21-05-2018,10,1,INE896L01010,10
INDOTECH,Indo Tech Transformers Limited,eq,no,16-03-2006,10,1,INE332H01014,10
INDOTHAI,Indo Thai Securities Limited,eq,no,02-11-2011,1,1,INE337M01021,1
INDOUS,Indo Us Biotech Limited,eq,no,27-09-2024,10,1,INE250Z01010,10
INDOWIND,Indowind Energy Limited,eq,no,14-09-2007,10,1,INE227G01018,10
INDRAMEDCO,Indraprastha Medical Corporation Limited,eq,no,17-04-1997,10,1,INE681B01017,10
INDSWFTLAB,Ind-Swift Laboratories Limited,eq,no,02-07-1997,10,1,INE915B01019,10
INDTERRAIN,Indian Terrain Fashions Limited,eq,no,11-03-2011,2,1,INE611L01021,2
INDUSINDBK,IndusInd Bank Limited,eq,yes,28-01-1998,10,1,INE095A01012,10
INDUSTOWER,Indus Towers Limited,eq,yes,28-12-2012,10,1,INE121J01017,10
INFOBEAN,InfoBeans Technologies Limited,eq,no,15-07-2019,10,1,INE344S01016,10
INFOMEDIA,Infomedia Press Limited,eq,no,12-10-2006,10,1,INE669A01022,10
INFY,Infosys Limited,eq,yes,08-02-1995,5,1,INE009A01021,5
INGERRAND,Ingersoll Rand (India) Limited,eq,no,15-04-1999,10,1,INE177A01018,10
INNOVACAP,Innova Captab Limited,eq,no,29-12-2023,10,1,INE0DUT01020,10
INNOVANA,Innovana Thinklabs Limited,eq,no,17-12-2024,10,1,INE403Y01018,10
INNOVISION,Innovision Limited,eq,no,23-03-2026,10,1,INE0ADB01012,10
INOXGREEN,Inox Green Energy Services Limited,eq,no,23-11-2022,10,1,INE510W01014,10
INOXINDIA,INOX India Limited,eq,no,21-12-2023,2,1,INE616N01034,2
INOXWIND,Inox Wind Limited,eq,yes,09-04-2015,10,1,INE066P01011,10
INSECTICID,Insecticides (India) Limited,eq,no,30-05-2007,10,1,INE070I01018,10
INSPIRISYS,Inspirisys Solutions Limited,be,no,30-10-2006,10,1,INE020G01017,10
INTELLECT,Intellect Design Arena Limited,eq,no,18-12-2014,5,1,INE306R01017,5
INTENTECH,Intense Technologies Limited,eq,no,23-03-2017,2,1,INE781A01025,2
INTERARCH,Interarch Building Solutions Limited,eq,no,26-08-2024,10,1,INE00M901018,10
INTLCONV,International Conveyors Limited,eq,no,16-09-2021,1,1,INE575C01027,1
INVENTURE,Inventure Growth & Securities Limited,eq,no,04-08-2011,1,1,INE878H01024,1
IOB,Indian Overseas Bank,eq,no,07-12-2000,10,1,INE565A01014,10
IOC,Indian Oil Corporation Limited,eq,yes,24-07-1996,10,1,INE242A01010,10
IOLCP,IOL Chemicals and Pharmaceuticals Limited,eq,no,08-11-2010,2,1,INE485C01029,2
IONEXCHANG,ION Exchange (India) Limited,eq,no,22-02-2022,1,1,INE570A01022,1
IPCALAB,IPCA Laboratories Limited,eq,no,08-02-1995,1,1,INE571A01038,1
IPL,India Pesticides Limited,eq,no,05-07-2021,1,1,INE0D6701023,1
IRB,IRB Infrastructure Developers Limited,eq,no,25-02-2008,1,1,INE821I01022,1
IRCON,Ircon International Limited,eq,no,28-09-2018,2,1,INE962Y01021,2
IRCTC,Indian Railway Catering And Tourism Corporation Limited,eq,no,14-10-2019,2,1,INE335Y01020,2
IREDA,Indian Renewable Energy Development Agency Limited,eq,yes,29-11-2023,10,1,INE202E01016,10
IRFC,Indian Railway Finance Corporation Limited,eq,yes,29-01-2021,10,1,INE053F01010,10
IRIS,IRIS RegTech Solutions Limited,eq,no,08-11-2021,10,1,INE864K01010,10
IRISDOREME,Iris Clothings Limited,eq,no,22-02-2021,2,1,INE01GN01025,2
IRMENERGY,IRM Energy Limited,eq,no,26-10-2023,10,1,INE07U701015,10
ISFT,Intrasoft Technologies Limited,eq,no,12-04-2010,10,1,INE566K01011,10
ISGEC,Isgec Heavy Engineering Limited,eq,no,05-05-2021,1,1,INE858B01029,1
ISHANCH,Ishan Dyes and Chemicals Limited,eq,no,24-03-2025,10,1,INE561M01018,10
ITC,ITC Limited,eq,yes,23-08-1995,1,1,INE154A01025,1
ITCHOTELS,ITC Hotels Limited,eq,no,29-01-2025,1,1,INE379A01028,1
ITDC,India Tourism Development Corporation Limited,eq,no,30-12-2016,10,1,INE353K01014,10
ITI,ITI Limited,eq,no,15-09-2003,10,1,INE248A01017,10
IVALUE,Ivalue Infosolutions Limited,eq,no,25-09-2025,2,1,INE056801025,2
IVC,IL&FS Investment Managers Limited,eq,no,15-09-1999,2,1,INE050B01023,2
IVP,IVP Limited,eq,no,13-09-1995,10,1,INE043C01018,10
IXIGO,Le Travenues Technology Limited,eq,no,18-06-2024,1,1,INE0HV901016,1
IZMO,IZMO Limited,be,no,05-02-2007,10,1,INE848A01014,10
J&KBANK,The Jammu & Kashmir Bank Limited,eq,no,22-07-1998,1,1,INE168A01041,1
JAGRAN,Jagran Prakashan Limited,eq,no,22-02-2006,2,1,INE199G01027,2
JAGSNPHARM,Jagsonpal Pharmaceuticals Limited,eq,no,01-03-2000,2,1,INE048B01035,2
JAIBALAJI,Jai Balaji Industries Limited,eq,no,09-12-2003,2,1,INE091G01026,2
JAICORPLTD,Jai Corp Limited,eq,no,26-11-1997,1,1,INE070D01027,1
JAINREC,Jain Resource Recycling Limited,eq,no,01-10-2025,2,1,INE0YD401026,2
JAIPURKURT,Nandani Creation Limited,eq,no,02-09-2021,10,1,INE696V01013,10
JAMNAAUTO,Jamna Auto Industries Limited,eq,no,10-12-2010,1,1,INE039C01032,1
JARO,Jaro Institute of Technology Management and Research Limited,eq,no,30-09-2025,10,1,INE00YJ01010,10
JASH,Jash Engineering Limited,eq,no,30-10-2019,2,1,INE039O01029,2
JAYAGROGN,Jayant Agro Organics Limited,eq,no,17-04-1996,5,1,INE785A01026,5
JAYBARMARU,Jay Bharat Maruti Limited,eq,no,03-01-1996,2,1,INE571B01036,2
JAYKAY,Jaykay Enterprises Limited,eq,no,03-12-2025,1,1,INE903A01025,1
JAYNECOIND,Jayaswal Neco Industries Limited,eq,no,10-05-1995,10,1,INE854B01010,10
JAYSREETEA,Jayshree Tea & Industries Limited,eq,no,15-02-1995,5,1,INE364A01020,5
JBCHEPHARM,JB Chemicals & Pharmaceuticals Limited,eq,no,29-04-2003,1,1,INE572A01036,1
JBMA,JBM Auto Limited,eq,no,17-12-2004,1,1,INE927D01051,1
JETFREIGHT,Jet Freight Logistics Limited,eq,no,21-12-2021,5,1,INE982V01025,5
JGCHEM,J.G.Chemicals Limited,eq,no,13-03-2024,10,1,INE0MB501011,10
JHS,JHS Svendgaard Laboratories Limited,eq,no,21-10-2006,10,1,INE544H01014,10
JINDALPHOT,Jindal Photo Limited,eq,no,07-04-2005,10,1,INE796G01012,10
JINDALPOLY,Jindal Poly Films Limited,eq,no,21-01-2002,10,1,INE197D01010,10
JINDALSAW,Jindal Saw Limited,eq,no,29-04-2003,1,1,INE324A01032,1
JINDALSTEL,JINDAL STEEL LIMITED,eq,yes,29-12-1999,1,1,INE749A01030,1
JINDRILL,Jindal Drilling And Industries Limited,eq,no,22-12-2006,5,1,INE742C01031,5
JINDWORLD,Jindal Worldwide Limited,eq,no,25-11-2010,1,1,INE247D01039,1
JIOFIN,Jio Financial Services Limited,eq,yes,21-08-2023,10,1,INE758E01017,10
JISLDVREQS,Jain Irrigation Systems Limited,eq,no,30-11-2011,2,1,IN9175A01010,2
JISLJALEQS,Jain Irrigation Systems Limited,eq,no,13-08-2001,2,1,INE175A01038,2
JITFINFRA,JITF Infralogistics Limited,be,no,27-02-2017,2,1,INE863T01013,2
JKCEMENT,JK Cement Limited,eq,no,14-03-2006,10,1,INE823G01014,10
JKIL,J.Kumar Infraprojects Limited,eq,no,12-02-2008,5,1,INE576I01022,5
JKIPL,Jinkushal Industries Limited,eq,no,03-10-2025,10,1,INE1FF001016,10
JKLAKSHMI,JK Lakshmi Cement Limited,eq,no,19-06-2006,5,1,INE786A01032,5
JKPAPER,JK Paper Limited,eq,no,16-06-2005,10,1,INE789E01012,10
JKTYRE,JK Tyre & Industries Limited,eq,no,19-03-2007,2,1,INE573A01042,2
JLHL,Jupiter Life Line Hospitals Limited,eq,no,18-09-2023,10,1,INE682M01012,10
JMA,Jullundur Motor Agency (Delhi) Limited,eq,no,16-03-2015,2,1,INE412C01023,2
JMFINANCIL,JM Financial Limited,eq,no,10-10-2006,1,1,INE780C01023,1
JNKINDIA,JNK India Limited,eq,no,30-04-2024,2,1,INE0OAF01028,2
JOCIL,Jocil Limited,eq,no,08-10-2008,10,1,INE839G01010,10
JPOLYINVST,Jindal Poly Investment and Finance Company Limited,eq,no,11-11-2013,10,1,INE147P01019,10
JPPOWER,Jaiprakash Power Ventures Limited,eq,no,18-04-2005,10,1,INE351F01018,10
JSFB,Jana Small Finance Bank Limited,eq,no,14-02-2024,10,1,INE953L01027,10
JSL,Jindal Stainless Limited,eq,no,17-11-2003,2,1,INE220G01021,2
JSLL,Jeena Sikho Lifecare Limited,eq,no,11-08-2025,2,1,INE0J5801029,2
JSWCEMENT,JSW Cement Limited,eq,no,14-08-2025,10,1,INE718I01012,10
JSWDULUX,JSW Dulux Limited,eq,no,28-06-2001,10,1,INE133A01011,10
JSWENERGY,JSW Energy Limited,eq,yes,04-01-2010,10,1,INE121E01018,10
JSWHL,JSW Holdings Limited,eq,no,21-06-2005,10,1,INE824G01012,10
JSWINFRA,JSW Infrastructure Limited,eq,no,03-10-2023,2,1,INE880J01026,2
JSWSTEEL,JSW Steel Limited,eq,yes,23-03-2005,1,1,INE019A01038,1
JTEKTINDIA,Jtekt India Limited,eq,no,12-01-2004,1,1,INE643A01035,1
JTLIND,JTL INDUSTRIES LIMITED,eq,no,12-06-2023,1,1,INE391J01032,1
JUBLCPL,Jubilant Agri and Consumer Products Limited,eq,no,14-02-2025,10,1,INE03CC01015,10
JUBLFOOD,Jubilant Foodworks Limited,eq,yes,08-02-2010,2,1,INE797F01020,2
JUBLINGREA,Jubilant Ingrevia Limited,eq,no,19-03-2021,1,1,INE0BY001018,1
JUBLPHARMA,Jubilant Pharmova Limited,eq,no,16-06-2003,1,1,INE700A01033,1
JUNIPER,Juniper Hotels Limited,eq,no,28-02-2024,10,1,INE696F01016,10
JUSTDIAL,Just Dial Limited,eq,no,05-06-2013,10,1,INE599M01018,10
JWL,Jupiter Wagons Limited,eq,no,18-10-2010,10,1,INE209L01016,10
JYOTHYLAB,Jyothy Labs Limited,eq,no,19-12-2007,1,1,INE668F01031,1
JYOTICNC,Jyoti CNC Automation Limited,eq,no,16-01-2024,2,1,INE980O01024,2
JYOTISTRUC,Jyoti Structures Limited,eq,no,19-07-1995,2,1,INE197A01024,2
KABRAEXTRU,Kabra Extrusion Technik Limited,eq,no,06-09-1995,5,1,INE900B01029,5
KAJARIACER,Kajaria Ceramics Limited,eq,no,01-06-2004,1,1,INE217B01036,1
KAKATCEM,Kakatiya Cement Sugar & Industries Limited,eq,no,13-12-1995,10,1,INE437B01014,10
KALAMANDIR,Sai Silks (Kalamandir) Limited,eq,no,27-09-2023,2,1,INE438K01021,2
KALPATARU,Kalpataru Limited,eq,no,01-07-2025,10,1,INE227J01012,10
KALYANI,Kalyani Commercials Limited,be,no,13-02-2017,10,1,INE610E01010,10
KALYANIFRG,Kalyani Forge Limited,eq,no,20-12-2007,10,1,INE314G01014,10
KALYANKJIL,Kalyan Jewellers India Limited,eq,yes,26-03-2021,10,1,INE303R01014,10
KAMATHOTEL,Kamat Hotels (I) Limited,eq,no,29-05-1996,10,1,INE967C01018,10
KAMDHENU,Kamdhenu Limited,eq,no,09-05-2006,1,1,INE390H01020,1
KAMOPAINTS,Kamdhenu Ventures Limited,eq,no,24-01-2023,1,1,INE0BTI01037,1
KANANIIND,Kanani Industries Limited,eq,no,14-12-2011,1,1,INE879E01037,1
KANORICHEM,Kanoria Chemicals & Industries Limited,eq,no,08-02-1995,5,1,INE138C01024,5
KANPRPLA,Kanpur Plastipack Limited,eq,no,01-01-2021,10,1,INE694E01014,10
KANSAINER,Kansai Nerolac Paints Limited,eq,no,15-09-2003,1,1,INE531A01024,1
KAPSTON,Kapston Services Limited,be,no,27-05-2020,5,1,INE542Z01028,5
KARMAENG,Karma Energy Limited,eq,no,28-06-2011,10,1,INE725L01011,10
KARURVYSYA,Karur Vysya Bank Limited,eq,no,26-07-2000,2,1,INE036D01028,2
KAUSHALYA,Kaushalya Infrastructure Development Corporation Limited,eq,no,14-12-2007,1000,1,INE234I01028,1000
KAVDEFENCE,Kavveri Defence & Wireless Technologies Limited,be,no,29-01-2008,10,1,INE641C01019,10
KAYA,Kaya Limited,eq,no,14-08-2015,10,1,INE587G01015,10
KAYNES,Kaynes Technology India Limited,eq,yes,22-11-2022,10,1,INE918Z01012,10
KCP,KCP Limited,eq,no,09-04-1997,1,1,INE805C01028,1
KCPSUGIND,KCP Sugar and Industries Corporation Limited,eq,no,11-06-1997,1,1,INE790B01024,1
KDDL,KDDL Limited,eq,no,23-03-2016,10,1,INE291D01011,10
KEC,KEC International Limited,eq,no,10-03-2006,2,1,INE389H01022,2
KECL,Kirloskar Electric Company Limited,eq,no,09-03-2010,10,1,INE134B01017,10
KEEPLEARN,DSJ Keep Learning Limited,eq,no,01-03-1995,1,1,INE055C01020,1
KEI,KEI Industries Limited,eq,yes,23-03-2006,2,1,INE878B01027,2
KELLTONTEC,Kellton Tech Solutions Limited,eq,no,02-03-2016,1,1,INE164B01030,1
KERNEX,Kernex Microsystems (India) Limited,eq,no,20-12-2005,10,1,INE202H01019,10
KESORAMIND,Kesoram Industries Limited,eq,no,06-09-1995,10,1,INE087A01019,10
KEYFINSERV,Keynote Financial Services Limited,eq,no,26-06-1996,10,1,INE681C01015,10
KFINTECH,Kfin Technologies Limited,eq,yes,29-12-2022,10,1,INE138Y01010,10
KHADIM,Khadim India Limited,eq,no,14-11-2017,10,1,INE834I01025,10
KHAICHEM,Khaitan Chemicals & Fertilizers Limited,eq,no,30-10-2020,1,1,INE745B01028,1
KHAITANLTD,Khaitan (India) Limited,eq,no,20-12-1995,10,1,INE731C01018,10
KHANDSE,Khandwala Securities Limited,eq,no,07-02-2001,10,1,INE060B01014,10
KICL,Kalyani Investment Company Limited,eq,no,14-01-2011,10,1,INE029L01018,10
KILITCH,Kilitch Drugs (India) Limited,eq,no,29-09-2010,10,1,INE729D01010,10
KIMS,Krishna Institute of Medical Sciences Limited,eq,no,28-06-2021,2,1,INE967H01025,2
KINGFA,Kingfa Science & Technology (India) Limited,eq,no,15-11-2016,10,1,INE473D01015,10
KIOCL,KIOCL Limited,eq,no,29-11-2016,10,1,INE880L01014,10
KIRIINDUS,Kiri Industries Limited,eq,no,22-04-2008,10,1,INE415I01015,10
KIRLOSBROS,Kirloskar Brothers Limited,eq,no,20-04-2010,2,1,INE732A01036,2
KIRLOSENG,Kirloskar Oil Engines Limited,eq,no,24-12-2010,2,1,INE146L01010,2
KIRLOSIND,Kirloskar Industries Limited,eq,no,24-06-2010,10,1,INE250A01039,10
KIRLPNU,Kirloskar Pneumatic Company Limited,eq,no,26-04-2023,2,1,INE811A01020,2
KITEX,Kitex Garments Limited,eq,no,25-09-2012,1,1,INE602G01020,1
KKCL,Kewal Kiran Clothing Limited,eq,no,13-04-2006,10,1,INE401H01017,10
KMEW,Knowledge Marine & Engineering Works Limited,eq,no,14-11-2024,5,1,INE0CJD01029,5
KMSUGAR,K.M.Sugar Mills Limited,eq,no,31-05-2007,2,1,INE157H01023,2
KNAGRI,KN Agri Resources Limited,eq,no,09-12-2025,10,1,INE0KNW01016,10
KNRCON,KNR Constructions Limited,eq,no,18-02-2008,2,1,INE634I01029,2
KOHINOOR,Kohinoor Foods Limited,eq,no,20-10-1999,10,1,INE080B01012,10
KOKUYOCMLN,Kokuyo Camlin Limited,eq,no,28-07-2008,1,1,INE760A01029,1
KOLTEPATIL,Kolte - Patil Developers Limited,eq,no,13-12-2007,10,1,INE094I01018,10
KOPRAN,Kopran Limited,eq,no,09-06-1999,10,1,INE082A01010,10
KOTAKBANK,Kotak Mahindra Bank Limited,eq,yes,20-12-1995,1,1,INE237A01036,1
KOTARISUG,Kothari Sugars And Chemicals Limited,eq,no,13-12-2004,10,1,INE419A01022,10
KOTHARIPET,Kothari Petrochemicals Limited,eq,no,02-11-1996,10,1,INE720A01015,10
KOTHARIPRO,Kothari Products Limited,eq,no,03-06-1998,10,1,INE823A01017,10
KOTYARK,Kotyark Industries Limited,eq,no,12-03-2026,10,1,INE0J0B01017,10
KPEL,K.P. Energy Limited,eq,no,14-11-2024,5,1,INE127T01021,5
KPIGREEN,KPI Green Energy Limited,eq,no,27-07-2021,5,1,INE542W01025,5
KPIL,Kalpataru Projects International Limited,eq,no,15-12-2000,2,1,INE220B01022,2
KPITTECH,KPIT Technologies Limited,eq,yes,22-04-2019,10,1,INE04I401011,10
KPRMILL,K.P.R. Mill Limited,eq,no,28-08-2007,1,1,INE930H01031,1
KRBL,KRBL Limited,eq,no,21-01-2002,1,1,INE001B01026,1
KREBSBIO,Krebs Biochemicals and Industries Limited,eq,no,03-01-1996,10,1,INE268B01013,10
KRIDHANINF,Kridhan Infra Limited,eq,no,11-12-2015,2,1,INE524L01026,2
KRISHANA,Krishana Phoschem Limited,eq,no,22-08-2019,10,1,INE506W01012,10
KRISHIVAL,Krishival Foods Limited,eq,no,20-06-2025,10,1,INE0GGO01015,10
KRISHNADEF,Krishna Defence And Allied Industries Limited,eq,no,30-12-2025,10,1,INE0J5601015,10
KRITI,Kriti Industries (India) Limited,eq,no,01-11-2021,1,1,INE479D01038,1
KRITIKA,Kritika Wires Limited,eq,no,04-05-2022,2,1,INE00Z501029,2
KRITINUT,Kriti Nutrients Limited,eq,no,07-10-2022,1,1,INE798K01010,1
KRN,KRN Heat Exchanger and Refrigeration Limited,eq,no,03-10-2024,10,1,INE0Q3J01015,10
KRONOX,Kronox Lab Sciences Limited,eq,no,10-06-2024,10,1,INE0ATZ01017,10
KROSS,Kross Limited,eq,no,16-09-2024,5,1,INE0O6601022,5
KRSNAA,Krsnaa Diagnostics Limited,eq,no,16-08-2021,5,1,INE08LI01020,5
KRYSTAL,Krystal Integrated Services Limited,eq,no,21-03-2024,10,1,INE0QN801017,10
KSB,Ksb Limited,eq,no,08-02-1995,2,1,INE999A01023,2
KSCL,Kaveri Seed Company Limited,eq,no,04-10-2007,2,1,INE455I01029,2
KSHINTL,KSH International Limited,eq,no,23-12-2025,5,1,INE987S01020,5
KSHITIJPOL,Kshitij Polyline Limited,be,no,27-07-2022,2,1,INE013801027,2
KSL,Kalyani Steels Limited,eq,no,19-05-2010,5,1,INE907A01026,5
KSOLVES,Ksolves India Limited,eq,no,23-09-2022,5,1,INE0D6I01023,5
KSR,KSR Footwear Limited,be,no,27-11-2025,10,1,INE1SPP01016,10
KTKBANK,The Karnataka Bank Limited,eq,no,10-05-2000,10,1,INE614B01018,10
KUANTUM,Kuantum Papers Limited,eq,no,23-10-2019,1,1,INE529I01021,1
KWIL,Kwality Wall's (India) Limited,eq,no,16-02-2026,1,1,INE2KCE01013,1
LAGNAM,Lagnam Spintex Limited,eq,no,30-09-2021,10,1,INE548Z01017,10
LAKPRE,Lakshmi Precision Screws Limited,bz,no,26-09-2006,10,1,INE651C01018,10
LAL,Lorenzini Apparels Limited,eq,no,10-04-2023,1,1,INE740X01023,1
LALPATHLAB,Dr. Lal Path Labs Ltd.,eq,no,23-12-2015,10,1,INE600L01024,10
LAMBODHARA,Lambodhara Textiles Limited,eq,no,04-02-2015,5,1,INE112F01022,5
LANCORHOL,Lancor Holdings Limited,be,no,12-03-2024,2,1,INE572G01025,2
LANDMARK,Landmark Cars Limited,eq,no,23-12-2022,5,1,INE559R01029,5
LANDSMILL,Landsmill Green Limited,eq,no,03-08-2009,1,1,INE688J01023,1
LAOPALA,La Opala RG Limited,eq,no,16-03-2007,2,1,INE059D01020,2
LASA,Lasa Supergenerics Limited,eq,no,21-09-2017,10,1,INE670X01014,10
LATENTVIEW,Latent View Analytics Limited,eq,no,23-11-2021,1,1,INE0I7C01011,1
LATTEYS,Latteys Industries Limited,eq,no,23-05-2023,2,1,INE262Z01023,2
LAURUSLABS,Laurus Labs Limited,eq,yes,19-12-2016,2,1,INE947Q01028,2
LAXMICOT,Laxmi Cotspin Limited,be,no,12-11-2021,10,1,INE801V01019,10
LAXMIDENTL,Laxmi Dental Limited,eq,no,20-01-2025,2,1,INE0WO601020,2
LAXMIINDIA,Laxmi India Finance Limited,eq,no,05-08-2025,5,1,INE06WU01026,5
LCCINFOTEC,LCC Infotech Limited,be,no,02-03-2000,2,1,INE938A01021,2
LEMERITE,Le Merite Exports Limited,eq,no,12-12-2025,10,1,INE0G1L01017,10
LEMONTREE,Lemon Tree Hotels Limited,eq,no,09-04-2018,10,1,INE970X01018,10
LENSKART,Lenskart Solutions Limited,eq,no,10-11-2025,2,1,INE956O01016,2
LEXUS,Lexus Granito (India) Limited,be,no,13-03-2023,10,1,INE500X01013,10
LFIC,Lakshmi Finance & Industrial Corporation Limited,eq,no,15-04-2015,10,1,INE850E01012,10
LGBBROSLTD,LG Balakrishnan & Bros Limited,eq,no,30-03-2010,10,1,INE337A01034,10
LGEINDIA,LG Electronics India Limited,eq,no,14-10-2025,10,1,INE324D01010,10
LGHL,Laxmi Goldorna House Limited,eq,no,10-11-2023,10,1,INE258Y01016,10
LIBAS,Libas Consumer Products Limited,eq,no,23-07-2019,10,1,INE908V01012,10
LIBERTSHOE,Liberty Shoes Limited,eq,no,27-09-1995,10,1,INE557B01019,10
LICHSGFIN,LIC Housing Finance Limited,eq,yes,29-07-1998,2,1,INE115A01026,2
LICI,Life Insurance Corporation Of India,eq,yes,17-05-2022,10,1,INE0J1Y01017,10
LIKHITHA,Likhitha Infrastructure Limited,be,no,15-10-2020,5,1,INE060901027,5
LINC,Linc Limited,eq,no,09-03-2015,5,1,INE802B01027,5
LINCOLN,Lincoln Pharmaceuticals Limited,eq,no,17-12-2015,10,1,INE405C01035,10
LINDEINDIA,Linde India Limited,eq,no,16-06-1999,10,1,INE473A01011,10
LLOYDSENGG,LLOYDS ENGINEERING WORKS LIMITED,eq,no,18-07-2016,1,1,INE093R01011,1
LLOYDSENT,Lloyds Enterprises Limited,eq,no,17-10-2024,1,1,INE080I01025,1
LLOYDSME,Lloyds Metals And Energy Limited,eq,no,17-07-2023,1,1,INE281B01032,1
LMW,LMW Limited,eq,no,29-03-1995,10,1,INE269B01029,10
LODHA,Lodha Developers Limited,eq,yes,19-04-2021,10,1,INE670K01029,10
LOKESHMACH,Lokesh Machines Limited,eq,no,05-05-2006,10,1,INE397H01017,10
LORDSCHLO,Lords Chloro Alkali Limited,eq,no,28-08-2023,10,1,INE846D01012,10
LOTUSDEV,Sri Lotus Developers and Realty Limited,eq,no,06-08-2025,1,1,INE0V9Q01010,1
LOTUSEYE,Lotus Eye Hospital and Institute Limited,eq,no,11-07-2008,10,1,INE947I01017,10
LOVABLE,Lovable Lingerie Limited,eq,no,24-03-2011,10,1,INE597L01014,10
LOYALTEX,Loyal Textile Mills Limited,be,no,11-08-2022,10,1,INE970D01010,10
LPDC,Landmark Property Development Company Limited,eq,no,12-08-2008,1,1,INE197J01017,1
LT,Larsen & Toubro Limited,eq,yes,23-06-2004,2,1,INE018A01030,2
LTF,L&T Finance Limited,eq,yes,12-08-2011,10,1,INE498L01015,10
LTFOODS,LT Foods Limited,eq,no,18-12-2006,1,1,INE818H01020,1
LTM,LTIMindtree Limited,eq,yes,21-07-2016,1,1,INE214T01019,1
LTTS,L&T Technology Services Limited,eq,no,23-09-2016,2,1,INE010V01017,2
LUMAXIND,Lumax Industries Limited,eq,no,06-09-1995,10,1,INE162B01018,10
LUMAXTECH,Lumax Auto Technologies Limited,eq,no,16-01-2007,2,1,INE872H01027,2
LUPIN,Lupin Limited,eq,yes,10-09-2001,2,1,INE326A01037,2
LUXIND,Lux Industries Limited,eq,no,30-11-2015,2,1,INE150G01020,2
LXCHEM,Laxmi Organic Industries Limited,eq,no,25-03-2021,2,1,INE576O01020,2
LYKALABS,Lyka Labs Limited,eq,no,08-02-1995,10,1,INE933A01014,10
LYPSAGEMS,Lypsa Gems & Jewellery Limited,eq,no,05-11-2013,10,1,INE142K01011,10
M&M,Mahindra & Mahindra Limited,eq,yes,03-01-1996,5,1,INE101A01026,5
M&MFIN,Mahindra & Mahindra Financial Services Limited,eq,no,17-03-2006,2,1,INE774D01024,2
MAANALU,Maan Aluminium Limited,eq,no,22-10-2007,5,1,INE215I01027,5
MACPOWER,Macpower CNC Machines Limited,eq,no,19-08-2020,10,1,INE155Z01011,10
MADHAV,Madhav Marbles and Granites Limited,eq,no,20-12-2007,10,1,INE925C01016,10
MADHUCON,Madhucon Projects Limited,eq,no,05-10-2006,1,1,INE378D01032,1
MADRASFERT,Madras Fertilizers Limited,eq,no,25-07-1997,10,1,INE414A01015,10
MAGADSUGAR,Magadh Sugar & Energy Limited,eq,no,28-07-2017,10,1,INE347W01011,10
MAGNUM,Magnum Ventures Limited,eq,no,20-09-2007,10,1,INE387I01016,10
MAHABANK,Bank of Maharashtra,eq,no,12-04-2004,10,1,INE457A01014,10
MAHAPE-RE,Maha Rashtra Apex Corporation Limited-RE,be,no,02-04-2026,10,1,INE843B20013,10
MAHAPEXLTD,Maha Rashtra Apex Corporation Limited,eq,no,21-01-1998,10,1,INE843B01013,10
MAHASTEEL,Mahamaya Steel Industries Limited,be,no,01-07-2016,10,1,INE451L01014,10
MAHEPC,Mahindra EPC Irrigation Limited,eq,no,14-02-2020,10,1,INE215D01010,10
MAHESHWARI,Maheshwari Logistics Limited,eq,no,15-04-2019,10,1,INE263W01010,10
MAHLIFE,Mahindra Lifespace Developers Limited,eq,no,10-05-2000,10,1,INE813A01018,10
MAHLOG,Mahindra Logistics Limited,eq,no,10-11-2017,10,1,INE766P01016,10
MAHSCOOTER,Maharashtra Scooters Limited,eq,no,08-02-1995,10,1,INE288A01013,10
MAHSEAMLES,Maharashtra Seamless Limited,eq,no,25-08-2004,5,1,INE271B01025,5
MAITHANALL,Maithan Alloys Limited,eq,no,05-07-2011,10,1,INE683C01011,10
MALLCOM,Mallcom (India) Limited,eq,no,02-02-2022,10,1,INE389C01015,10
MALUPAPER,Malu Paper Mills Limited,eq,no,05-04-2006,10,1,INE383H01017,10
MAMATA,Mamata Machinery Limited,eq,no,27-12-2024,10,1,INE0TO701015,10
MANAKALUCO,Manaksia Aluminium Company Limited,be,no,30-03-2015,1,1,INE859Q01017,1
MANAKCOAT,Manaksia Coated Metals & Industries Limited,eq,no,30-03-2015,1,1,INE830Q01018,1
MANAKSIA,Manaksia Limited,eq,no,08-01-2008,2,1,INE015D01022,2
MANAKSTEEL,Manaksia Steels Limited,eq,no,30-03-2015,1,1,INE824Q01011,1
MANALIPETC,Manali Petrochemicals Limited,eq,no,06-12-2006,5,1,INE201A01024,5
MANAPPURAM,Manappuram Finance Limited,eq,yes,01-12-2014,2,1,INE522D01027,2
MANBA,Manba Finance Limited,eq,no,30-09-2024,10,1,INE939X01013,10
MANCREDIT,Mangal Credit and Fincorp Limited,eq,no,16-08-2024,10,1,INE545L01039,10
MANGALAM,Mangalam Drugs And Organics Limited,be,no,23-05-2005,10,1,INE584F01014,10
MANGLMCEM,Mangalam Cement Limited,eq,no,03-01-1996,10,1,INE347A01017,10
MANINDS,Man Industries (India) Limited,eq,no,24-06-2005,5,1,INE993A01026,5
MANINFRA,Man Infraconstruction Limited,eq,no,11-03-2010,2,1,INE949H01023,2
MANKIND,Mankind Pharma Limited,eq,yes,09-05-2023,1,1,INE634S01028,1
MANOMAY,Manomay Tex India Limited,eq,no,18-01-2023,10,1,INE784W01015,10
MANORAMA,Manorama Industries Limited,eq,no,01-07-2022,2,1,INE00VM01036,2
MANORG,Mangalam Organics Limited,eq,no,02-11-2021,10,1,INE370D01013,10
MANUGRAPH,Manugraph India Limited,eq,no,14-09-2006,2,1,INE867A01022,2
MANYAVAR,Vedant Fashions Limited,eq,no,16-02-2022,1,1,INE825V01034,1
MAPMYINDIA,C.E. Info Systems Limited,eq,no,21-12-2021,2,1,INE0BV301023,2
MARALOVER,Maral Overseas Limited,eq,no,08-02-1995,10,1,INE882A01013,10
MARATHON,Marathon Nextgen Realty Limited,eq,no,29-09-2016,5,1,INE182D01020,5
MARICO,Marico Limited,eq,yes,01-05-1996,1,1,INE196A01026,1
MARINE,Marine Electricals (India) Limited,eq,no,02-12-2020,2,1,INE01JE01028,2
MARKOLINES,Markolines Pavement Technologies Limited,eq,no,14-10-2025,10,1,INE0FW001016,10
MARKSANS,Marksans Pharma Limited,eq,no,21-01-2002,1,1,INE750C01026,1
MARSONS,Marsons Limited,eq,no,13-03-2026,1,1,INE415B01044,1
MARUTI,Maruti Suzuki India Limited,eq,yes,09-07-2003,5,1,INE585B01010,5
MASFIN,MAS Financial Services Limited,eq,no,18-10-2017,10,1,INE348L01012,10
MASKINVEST,Mask Investments Limited,eq,no,14-10-2016,10,1,INE885F01015,10
MASTEK,Mastek Limited,eq,no,10-05-1995,5,1,INE759A01021,5
MASTERTR,Master Trust Limited,eq,no,12-11-2024,1,1,INE677D01037,1
MATRIMONY,Matrimony.Com Limited,eq,no,21-09-2017,5,1,INE866R01028,5
MAWANASUG,Mawana Sugars Limited,eq,no,20-03-2009,10,1,INE636A01039,10
MAXESTATES,Max Estates Limited,eq,no,30-10-2023,10,1,INE03EI01018,10
MAXHEALTH,Max Healthcare Institute Limited,eq,yes,21-08-2020,10,1,INE027H01010,10
MAXIND,Max India Limited,eq,no,28-08-2020,10,1,INE0CG601016,10
MAYURUNIQ,Mayur Uniquoters Ltd,eq,no,25-09-2012,5,1,INE040D01038,5
MAZDA,Mazda Limited,eq,no,01-11-2016,2,1,INE885E01042,2
MAZDOCK,Mazagon Dock Shipbuilders Limited,eq,yes,12-10-2020,5,1,INE249Z01020,5
MBAPL,Madhya Bharat Agro Products Limited,eq,no,22-08-2019,10,1,INE900L01010,10
MBEL,M & B Engineering Limited,eq,no,06-08-2025,10,1,INE08N601015,10
MBLINFRA,MBL Infrastructure Limited,eq,no,11-01-2010,10,1,INE912H01013,10
MCL,Madhav Copper Limited,be,no,19-08-2020,5,1,INE813V01022,5
MCLEODRUSS,Mcleod Russel India Limited,eq,no,29-07-2005,5,1,INE942G01012,5
MCLOUD,Magellanic Cloud Limited,eq,no,07-02-2025,2,1,INE613C01026,2
MCX,Multi Commodity Exchange of India Limited,eq,yes,09-03-2012,2,1,INE745G01043,2
MEDANTA,Global Health Limited,eq,no,16-11-2022,2,1,INE474Q01031,2
MEDIASSIST,Medi Assist Healthcare Services Limited,eq,no,23-01-2024,5,1,INE456Z01021,5
MEDICAMEQ,Medicamen Biotech Limited,eq,no,27-10-2021,10,1,INE646B01010,10
MEDICO,Medico Remedies Limited,eq,no,26-05-2022,2,1,INE630Y01024,2
MEDPLUS,Medplus Health Services Limited,eq,no,23-12-2021,2,1,INE804L01022,2
MEESHO,Meesho Limited,eq,no,10-12-2025,1,1,INE0VDM01015,1
MEGASTAR,Megastar Foods Limited,eq,no,16-02-2022,10,1,INE00EM01016,10
MEIL,Mangal Electrical Industries Limited,eq,no,28-08-2025,10,1,INE0PKD01011,10
MENONBE,Menon Bearings Limited,eq,no,09-03-2015,1,1,INE071D01033,1
MEP,MEP Infrastructure Developers Limited,bz,no,06-05-2015,10,1,INE776I01010,10
METROBRAND,Metro Brands Limited,eq,no,22-12-2021,5,1,INE317I01021,5
METROPOLIS,Metropolis Healthcare Limited,eq,no,15-04-2019,2,1,INE112L01020,2
MFML,Mahalaxmi Fabric Mills Limited,eq,no,27-08-2024,10,1,INE0US801024,10
MFSL,Max Financial Services Limited,eq,yes,17-05-2000,2,1,INE180A01020,2
MGEL,Mangalam Global Enterprise Limited,eq,no,23-12-2020,1,1,INE0APB01032,1
MGL,Mahanagar Gas Limited,eq,no,01-07-2016,10,1,INE002S01010,10
MHLXMIRU,Mahalaxmi Rubtech Limited,eq,no,27-01-2022,10,1,INE112D01035,10
MHRIL,Mahindra Holidays & Resorts India Limited,eq,no,16-07-2009,10,1,INE998I01010,10
MICEL,MIC Electronics Limited,eq,no,17-12-2021,2,1,INE287C01037,2
MIDHANI,Mishra Dhatu Nigam Limited,eq,no,04-04-2018,10,1,INE099Z01011,10
MIDWESTLTD,Midwest Limited,eq,no,24-10-2025,5,1,INE0XAD01024,5
MINDACORP,Minda Corporation Limited,eq,no,16-10-2014,2,1,INE842C01021,2
MINDTECK,Mindteck (India) Limited,eq,no,02-08-2016,10,1,INE110B01017,10
MIRCELECTR,MIRC Electronics Limited,eq,no,24-05-2004,1,1,INE831A01028,1
MIRZAINT,Mirza International Limited,eq,no,28-04-1999,2,1,INE771A01026,2
MITCON,MITCON Consultancy & Engineering Services Limited,eq,no,17-03-2022,10,1,INE828O01033,10
MITTAL,Mittal Life Style Limited,eq,no,29-04-2020,1,1,INE997Y01027,1
MKPL,M K Proteins Limited,eq,no,13-06-2023,1,1,INE964W01021,1
MMFL,MM Forgings Limited,eq,no,20-12-2006,10,1,INE227C01017,10
MMP,MMP Industries Limited,eq,no,09-01-2020,10,1,INE511Y01018,10
MMTC,MMTC Limited,eq,no,09-04-2012,1,1,INE123F01029,1
MOBIKWIK,One Mobikwik Systems Limited,eq,no,18-12-2024,2,1,INE0HLU01028,2
MODINATUR,Modi Naturals Limited,eq,no,11-12-2025,10,1,INE537F01012,10
MODIRUBBER,Modi Rubber Limited,eq,no,07-02-1996,10,1,INE832A01018,10
MODIS,Modis Navnirman Limited,eq,no,14-11-2025,10,1,INE0L0L01012,10
MODISONLTD,MODISON LIMITED,eq,no,03-05-2021,1,1,INE737D01021,1
MODTHREAD,Modern Threads (India) Limited,eq,no,22-11-1995,10,50,INE794W01014,10
MOHITIND,Mohit Industries Limited,eq,no,14-03-2013,10,1,INE954E01012,10
MOIL,MOIL Limited,eq,no,15-12-2010,10,1,INE490G01020,10
MOKSH,Moksh Ornaments Limited,eq,no,21-05-2021,2,1,INE514Y01020,2
MOL,Meghmani Organics Limited,eq,no,18-08-2021,1,1,INE0CT101020,1
MOLDTECH,Mold-Tek Technologies Limited,eq,no,07-07-2016,2,1,INE835B01035,2
MOLDTKPAC,Mold-Tek Packaging Limited,eq,no,23-02-2015,5,1,INE893J01029,5
MONARCH,Monarch Networth Capital Limited,eq,no,06-01-2022,10,1,INE903D01011,10
MONEYBOXX,Moneyboxx Finance Limited,eq,no,15-10-2025,10,1,INE296Q01012,10
MONTECARLO,Monte Carlo Fashions Limited,eq,no,19-12-2014,10,1,INE950M01013,10
MOREPENLAB,Morepen Laboratories Limited,eq,no,24-11-1999,2,1,INE083A01026,2
MOSCHIP,Moschip Technologies Limited,eq,no,05-02-2025,2,1,INE935B01025,2
MOTHERSON,Samvardhana Motherson International Limited,eq,yes,14-08-1996,1,1,INE775A01035,1
MOTILALOFS,Motilal Oswal Financial Services Limited,eq,no,11-09-2007,1,1,INE338I01027,1
MOTISONS,Motisons Jewellers Limited,eq,no,26-12-2023,1,1,INE0FRK01020,1
MOTOGENFIN,The Motor & General Finance Limited,eq,no,08-02-1995,5,1,INE861B01023,5
MPHASIS,MphasiS Limited,eq,yes,04-06-2004,10,1,INE356A01018,10
MPSLTD,MPS Limited,eq,no,21-01-2002,10,1,INE943D01017,10
MRF,MRF Limited,eq,no,18-09-1996,10,1,INE883A01011,10
MRPL,Mangalore Refinery and Petrochemicals Limited,eq,no,07-01-2005,10,1,INE103A01014,10
MSPL,MSP Steel & Power Limited,eq,no,18-07-2005,10,1,INE752G01015,10
MSTCLTD,Mstc Limited,eq,no,29-03-2019,10,1,INE255X01014,10
MSUMI,Motherson Sumi Wiring India Limited,eq,no,28-03-2022,1,1,INE0FS801015,1
MTARTECH,Mtar Technologies Limited,eq,no,15-03-2021,10,1,INE864I01014,10
MTEDUCARE,MT Educare Limited,be,no,12-04-2012,10,1,INE472M01018,10
MTNL,Mahanagar Telephone Nigam Limited,eq,no,17-02-1999,10,1,INE153A01019,10
MUFIN,Mufin Green Finance Limited,eq,no,06-11-2023,1,1,INE08KJ01020,1
MUFTI,Credo Brands Marketing Limited,eq,no,27-12-2023,2,1,INE220Q01020,2
MUKANDLTD,Mukand Limited,eq,no,23-02-2004,10,1,INE304A01026,10
MUKKA,Mukka Proteins Limited,eq,no,07-03-2024,1,1,INE0CG401037,1
MUKTAARTS,Mukta Arts Limited,eq,no,12-09-2000,5,1,INE374B01019,5
MUNJALAU,Munjal Auto Industries Limited,eq,no,19-07-2006,2,1,INE672B01032,2
MUNJALSHOW,Munjal Showa Limited,eq,no,12-05-2003,2,1,INE577A01027,2
MURUDCERA,Murudeshwar Ceramics Limited,eq,no,28-05-2004,10,1,INE692B01014,10
MUTHOOTCAP,Muthoot Capital Services Limited,eq,no,24-08-2015,10,1,INE296G01013,10
MUTHOOTFIN,Muthoot Finance Limited,eq,yes,06-05-2011,10,1,INE414G01012,10
MUTHOOTMF,Muthoot Microfin Limited,eq,no,26-12-2023,10,1,INE046W01019,10
MVGJL,Manoj Vaibhav Gems N Jewellers Limited,eq,no,03-10-2023,10,1,INE0KNT01012,10
MWL,Mangalam Worldwide Limited,eq,no,18-09-2025,10,1,INE0JYY01011,10
NACLIND,NACL Industries Limited,eq,no,07-04-2017,1,1,INE295D01020,1
NAGAFERT,Nagarjuna Fertilizers and Chemicals Limited,bz,no,15-06-2016,1,1,INE454M01024,1
NAGREEKCAP,Nagreeka Capital & Infrastructure Limited,eq,no,18-09-2007,5,1,INE245I01016,5
NAGREEKEXP,Nagreeka Exports Limited,eq,no,18-06-2007,5,1,INE123B01028,5
NAHARCAP,Nahar Capital and Financial Services Limited,eq,no,11-03-2008,5,1,INE049I01012,5
NAHARINDUS,Nahar Industrial Enterprises Limited,eq,no,15-12-2005,10,1,INE289A01011,10
NAHARPOLY,Nahar Poly Films Limited,eq,no,23-03-2007,5,1,INE308A01027,5
NAHARSPING,Nahar Spinning Mills Limited,eq,no,23-03-2007,5,1,INE290A01027,5
NAM-INDIA,Nippon Life India Asset Management Limited,eq,no,06-11-2017,10,1,INE298J01013,10
NARMADA,Narmada Agrobase Limited,eq,no,27-10-2022,10,1,INE117Z01011,10
NATCAPSUQ,Natural Capsules Limited,eq,no,14-02-2025,10,1,INE936B01015,10
NATCOPHARM,Natco Pharma Limited,eq,no,27-12-1995,2,1,INE987B01026,2
NATHBIOGEN,Nath Bio-Genes (India) Limited,eq,no,28-01-2014,10,1,INE448G01010,10
NATIONALUM,National Aluminium Company Limited,eq,yes,28-04-1999,5,1,INE139A01034,5
NAUKRI,Info Edge (India) Limited,eq,yes,21-11-2006,2,1,INE663F01032,2
NAVA,NAVA LIMITED,eq,no,03-04-1996,1,1,INE725A01030,1
NAVINFLUOR,Navin Fluorine International Limited,eq,no,01-06-2007,2,1,INE048G01026,2
NAVKARCORP,Navkar Corporation Limited,eq,no,09-09-2015,10,1,INE278M01019,10
NAVKARURB,Navkar Urbanstructure Limited,eq,no,17-01-2025,1,1,INE268H01044,1
NAVNETEDUL,Navneet Education Limited,eq,no,08-02-1995,2,1,INE060A01024,2
NAZARA,Nazara Technologies Limited,eq,no,30-03-2021,2,1,INE418L01047,2
NBCC,NBCC (India) Limited,eq,yes,12-04-2012,1,1,INE095N01031,1
NBIFIN,N. B. I. Industrial Finance Company Limited,eq,no,23-11-2016,5,1,INE365I01020,5
NCC,NCC Limited,eq,no,14-10-2003,2,1,INE868B01028,2
NCLIND,NCL Industries Limited,eq,no,03-04-2007,10,1,INE732C01016,10
NDGL,Naga Dhunseri Group Limited,eq,no,29-08-2016,10,1,INE756C01015,10
NDL,Nandan Denim Limited,eq,no,23-03-2012,1,1,INE875G01048,1
NDLVENTURE,NDL Ventures Limited,eq,no,24-04-2007,10,1,INE353A01023,10
NDRAUTO,Ndr Auto Components Limited,eq,no,30-07-2020,10,1,INE07OG01012,10
NDTV,New Delhi Television Limited,eq,no,19-05-2004,4,1,INE155G01029,4
NECCLTD,North Eastern Carrying Corporation Limited,eq,no,02-03-2016,10,1,INE553C01016,10
NECLIFE,Nectar Lifesciences Limited,eq,no,18-07-2005,1,1,INE023H01027,1
NELCAST,Nelcast Limited,eq,no,27-06-2007,2,1,INE189I01024,2
NELCO,NELCO Limited,eq,no,28-05-2003,10,1,INE045B01015,10
NEOGEN,Neogen Chemicals Limited,eq,no,08-05-2019,10,1,INE136S01016,10
NEPHROPLUS,Nephrocare Health Services Limited,eq,no,17-12-2025,2,1,INE428V01029,2
NESCO,Nesco Limited,eq,no,08-04-2008,2,1,INE317F01035,2
NESTLEIND,Nestle India Limited,eq,yes,01-08-2023,1,1,INE239A01024,1
NETWEB,Netweb Technologies India Limited,eq,no,27-07-2023,2,1,INE0NT901020,2
NETWORK18,Network18 Media & Investments Limited,eq,no,02-02-2007,5,1,INE870H01013,5
NEULANDLAB,Neuland Laboratories Limited,eq,no,13-10-2008,10,1,INE794A01010,10
NEWGEN,Newgen Software Technologies Limited,eq,no,29-01-2018,10,1,INE619B01017,10
NEXTMEDIA,Next Mediaworks Limited,eq,no,04-04-2001,10,1,INE747B01016,10
NFL,National Fertilizers Limited,eq,no,28-12-2006,10,1,INE870D01012,10
NGIL,Nakoda Group of Industries Limited,eq,no,20-08-2021,10,1,INE236Y01012,10
NGLFINE,NGL Fine-Chem Limited,eq,no,08-07-2022,5,1,INE887E01022,5
NH,Narayana Hrudayalaya Ltd.,eq,no,06-01-2016,10,1,INE410P01011,10
NHPC,NHPC Limited,eq,yes,01-09-2009,10,1,INE848E01016,10
NIACL,The New India Assurance Company Limited,eq,no,13-11-2017,5,1,INE470Y01017,5
NIBE,NIBE Limited,eq,no,07-02-2025,10,1,INE149O01018,10
NIBL,NRB Industrial Bearings Limited,eq,no,09-04-2013,2,1,INE047O01014,2
NIITLTD,NIIT Limited,eq,no,16-08-2004,2,1,INE161A01038,2
NIITMTS,NIIT Learning Systems Limited,eq,no,08-08-2023,2,1,INE342G01023,2
NILAINFRA,Nila Infrastructures Limited,eq,no,21-05-2015,1,1,INE937C01029,1
NILASPACES,Nila Spaces Limited,eq,no,28-12-2018,1,1,INE00S901012,1
NILKAMAL,Nilkamal Limited,eq,no,01-11-1995,10,1,INE310A01015,10
NIMBSPROJ,Nimbus Projects Limited,eq,no,06-04-2026,10,1,INE875B01015,10
NINSYS,NINtec Systems Limited,eq,no,21-02-2023,10,1,INE395U01014,10
NIPPOBATRY,Indo-National Limited,eq,no,06-10-1999,5,1,INE567A01028,5
NIRAJ,Niraj Cement Structurals Limited,eq,no,01-10-2020,10,1,INE368I01016,10
NIRAJISPAT,Niraj Ispat Industries Limited,be,no,27-10-2016,10,1,INE326T01011,10
NITCO,Nitco Limited,eq,no,21-03-2006,10,1,INE858F01012,10
NITINSPIN,Nitin Spinners Limited,eq,no,02-02-2006,10,1,INE229H01012,10
NITIRAJ,Nitiraj Engineers Limited,eq,no,22-04-2021,10,1,INE439T01012,10
NIVABUPA,Niva Bupa Health Insurance Company Limited,eq,no,14-11-2024,10,1,INE995S01015,10
NKIND,NK Industries Limited,eq,no,07-07-1995,10,1,INE542C01019,10
NLCINDIA,NLC India Limited,eq,no,23-08-2000,10,1,INE589A01014,10
NMDC,NMDC Limited,eq,yes,03-03-2008,1,1,INE584A01023,1
NOCIL,NOCIL Limited,eq,no,17-01-1996,10,1,INE163A01018,10
NOIDATOLL,Noida Toll Bridge Company Limited,eq,no,06-12-2002,10,1,INE781B01015,10
NORBTEAEXP,Norben Tea & Exports Limited,eq,no,26-06-1996,10,1,INE369C01017,10
NORTHARC,Northern Arc Capital Limited,eq,no,24-09-2024,10,1,INE850M01015,10
NOVAAGRI,Nova Agritech Limited,eq,no,31-01-2024,2,1,INE02H701025,2
NPST,Network People Services Technologies Limited,eq,no,30-04-2025,10,1,INE0FFK01017,10
NRAIL,N R Agarwal Industries Limited,eq,no,05-04-2017,10,1,INE740D01017,10
NRBBEARING,NRB Bearing Limited,eq,no,08-03-2000,2,1,INE349A01021,2
NRL,Nupur Recyclers Limited,eq,no,12-01-2023,10,1,INE0JM501013,10
NSIL,Nalwa Sons Investments Limited,eq,no,17-11-2003,10,1,INE023A01030,10
NSLNISP,NMDC Steel Limited,eq,no,20-02-2023,10,1,INE0NNS01018,10
NTPC,NTPC Limited,eq,yes,05-11-2004,10,1,INE733E01010,10
NTPCGREEN,NTPC Green Energy Limited,eq,no,27-11-2024,10,1,INE0ONG01011,10
NUCLEUS,Nucleus Software Exports Limited,eq,no,19-12-2002,10,1,INE096B01018,10
NURECA,Nureca Limited,eq,no,25-02-2021,10,1,INE0DSF01015,10
NUVAMA,Nuvama Wealth Management Limited,eq,yes,26-09-2023,2,1,INE531F01023,2
NUVOCO,Nuvoco Vistas Corporation Limited,eq,no,23-08-2021,10,1,INE118D01016,10
NYKAA,FSN E-Commerce Ventures Limited,eq,yes,10-11-2021,1,1,INE388Y01029,1
OAL,Oriental Aromatics Limited,eq,no,11-07-2019,5,1,INE959C01023,5
OBCL,Orissa Bengal Carrier Limited,eq,no,07-04-2022,10,1,INE426Z01016,10
OBEROIRLTY,Oberoi Realty Limited,eq,yes,20-10-2010,10,1,INE093I01010,10
OCCLLTD,OCCL Limited,eq,no,29-10-2024,2,1,INE0PK601023,2
ODIGMA,Odigma Consultancy Solutions Limited,eq,no,12-12-2024,1,1,INE054301028,1
OFSS,Oracle Financial Services Software Limited,eq,yes,28-06-2002,5,1,INE881D01027,5
OIL,Oil India Limited,eq,yes,30-09-2009,10,1,INE274J01014,10
OILCOUNTUB,Oil Country Tubular Limited,eq,no,30-08-1995,10,1,INE591A01010,10
OLAELEC,Ola Electric Mobility Limited,eq,no,09-08-2024,10,1,INE0LXG01040,10
OLECTRA,Olectra Greentech Limited,eq,no,20-03-2002,4,1,INE260D01016,4
OMAXAUTO,Omax Autos Limited,eq,no,20-02-2003,10,1,INE090B01011,10
OMAXE,Omaxe Limited,eq,no,09-08-2007,10,1,INE800H01010,10
OMFREIGHT,Om Freight Forwarders Limited,eq,no,08-10-2025,10,1,INE1BZC01019,10
OMINFRAL,OM INFRA LIMITED,eq,no,17-06-2011,1,1,INE239D01028,1
OMKARCHEM,Omkar Speciality Chemicals Limited,bz,no,10-02-2011,10,1,INE474L01016,10
OMNI,Omnitech Engineering Limited,eq,no,05-03-2026,5,1,INE0UH301010,5
ONELIFECAP,Onelife Capital Advisors Limited,eq,no,17-10-2011,10,1,INE912L01015,10
ONEPOINT,One Point One Solutions Limited,eq,no,09-05-2019,2,1,INE840Y01029,2
ONESOURCE,Onesource Specialty Pharma Limited,eq,no,24-01-2025,1,1,INE013P01021,1
ONGC,Oil & Natural Gas Corporation Limited,eq,yes,19-07-1995,5,1,INE213A01029,5
ONMOBILE,OnMobile Global Limited,eq,no,19-02-2008,10,1,INE809I01019,10
ONWARDTEC,Onward Technologies Limited,eq,no,07-03-2001,10,1,INE229A01017,10
OPTIEMUS,Optiemus Infracom Limited,eq,no,08-08-2017,10,1,INE350C01017,10
ORBTEXP,Orbit Exports Limited,eq,no,05-11-2013,10,1,INE231G01010,10
ORCHASP,Orchasp Limited,eq,no,07-02-2025,2,1,INE215B01022,2
ORCHPHARMA,Orchid Pharma Limited,eq,no,02-11-2020,10,1,INE191A01027,10
ORICONENT,Oricon Enterprises Limited,eq,no,24-07-2015,2,1,INE730A01022,2
ORIENTALTL,Oriental Trimex Limited,eq,no,07-03-2007,10,1,INE998H01012,10
ORIENTBELL,Orient Bell Limited,eq,no,14-02-2007,10,1,INE607D01018,10
ORIENTCEM,Orient Cement Limited,eq,no,12-07-2013,1,1,INE876N01018,1
ORIENTCER,ORIENT CERATECH LIMITED,eq,no,15-12-2005,1,1,INE569C01020,1
ORIENTELEC,Orient Electric Limited,eq,no,14-05-2018,1,1,INE142Z01019,1
ORIENTHOT,Oriental Hotels Limited,eq,no,27-08-1998,1,1,INE750A01020,1
ORIENTLTD,Orient Press Limited,eq,no,03-03-2010,10,1,INE609C01024,10
ORIENTPPR,Orient Paper & Industries Limited,eq,no,29-03-1995,1,1,INE592A01026,1
ORIENTTECH,Orient Technologies Limited,eq,no,28-08-2024,10,1,INE0PPK01015,10
ORISSAMINE,The Orissa Minerals Development Company Limited,eq,no,29-09-2010,1,1,INE725E01024,1
ORKLAINDIA,Orkla India Limited,eq,no,06-11-2025,1,1,INE16NZ01023,1
ORTEL,Ortel Communications Limited,bz,no,19-03-2015,10,1,INE849L01019,10
ORTINGLOBE,ORTIN GLOBAL LIMITED,be,no,30-03-2021,10,1,INE749B01020,10
OSIAHYPER,Osia Hyper Retail Limited,eq,no,01-12-2022,1,1,INE06IR01021,1
OSWALAGRO,Oswal Agro Mills Limited,eq,no,29-03-1995,10,1,INE142A01012,10
OSWALGREEN,Oswal Greentech Limited,eq,no,28-08-1996,10,1,INE143A01010,10
OSWALPUMPS,Oswal Pumps Limited,eq,no,20-06-2025,1,1,INE0BYP01024,1
OSWALSEEDS,ShreeOswal Seeds And Chemicals Limited,eq,no,28-02-2023,2,1,INE00IK01029,2
PACEDIGITK,Pace Digitek Limited,eq,no,06-10-2025,2,1,INE0S3G01027,2
PAGEIND,Page Industries Limited,eq,yes,16-03-2007,10,1,INE761H01022,10
PAISALO,Paisalo Digital Limited,eq,no,17-10-2011,1,1,INE420C01059,1
PAKKA,PAKKA LIMITED,eq,no,11-07-2023,10,1,INE551D01018,10
PALASHSECU,Palash Securities Limited,eq,no,28-07-2017,10,1,INE471W01019,10
PALREDTEC,Palred Technologies Limited,eq,no,09-05-2016,10,1,INE218G01033,10
PANACEABIO,Panacea Biotec Limited,eq,no,17-04-1996,1,1,INE922B01023,1
PANACHE,Panache Digilife Limited,be,no,06-01-2020,10,1,INE895W01019,10
PANAMAPET,Panama Petrochem Limited,eq,no,30-09-2011,2,1,INE305C01029,2
PANSARI,Pansari Developers Limited,eq,no,18-10-2021,10,1,INE697V01011,10
PAR,Par Drugs And Chemicals Limited,eq,no,16-09-2021,10,1,INE04LG01015,10
PARACABLES,Paramount Communications Limited,eq,no,03-01-2007,2,1,INE074B01023,2
PARADEEP,Paradeep Phosphates Limited,eq,no,27-05-2022,10,1,INE088F01024,10
PARAGMILK,Parag Milk Foods Limited,eq,no,19-05-2016,10,1,INE883N01014,10
PARAS,Paras Defence and Space Technologies Limited,eq,no,01-10-2021,5,1,INE045601023,5
PARASPETRO,Paras Petrofils Limited,be,no,14-02-1996,1,1,INE162C01024,1
PARKHOSPS,Park Medi World Limited,eq,no,17-12-2025,2,1,INE119201023,2
PARKHOTELS,Apeejay Surrendra Park Hotels Limited,eq,no,12-02-2024,1,1,INE988S01028,1
PARSVNATH,Parsvnath Developers Limited,eq,no,30-11-2006,5,1,INE561H01026,5
PASHUPATI,Pashupati Cotspin Limited,eq,no,17-07-2025,10,1,INE124Y01010,10
PASUPTAC,Pasupati Acrylon Limited,eq,no,12-10-2021,10,1,INE818B01023,10
PATANJALI,Patanjali Foods Limited,eq,yes,24-01-2020,2,1,INE619A01035,2
PATELENG,Patel Engineering Limited,eq,no,24-02-2005,1,1,INE244B01030,1
PATELRMART,Patel Retail Limited,eq,no,26-08-2025,10,1,INE0R8B01010,10
PATINTLOG,Patel Integrated Logistics Limited,eq,no,11-01-2008,10,1,INE529D01014,10
PAUSHAKLTD,Paushak Limited,eq,no,01-12-2025,5,1,INE111F01024,5
PAVNAIND,Pavna Industries Limited,eq,no,01-06-2023,1,1,INE07S101038,1
PAYTM,One 97 Communications Limited,eq,yes,18-11-2021,1,1,INE982J01020,1
PCBL,PCBL Chemical Limited,eq,no,29-03-1995,1,1,INE602A01031,1
PCJEWELLER,PC Jeweller Limited,eq,no,27-12-2012,1,1,INE785M01021,1
PDMJEPAPER,Pudumjee Paper Products Limited,eq,no,30-03-2016,1,1,INE865T01018,1
PDSL,PDS Limited,eq,no,21-10-2014,2,1,INE111Q01021,2
PEARLPOLY,Pearl Polymers Limited,eq,no,11-10-1995,10,1,INE844A01013,10
PENIND,Pennar Industries Limited,eq,no,25-11-2010,5,1,INE932A01024,5
PENINLAND,Peninsula Land Limited,eq,no,08-02-1995,2,1,INE138A01028,2
PERSISTENT,Persistent Systems Limited,eq,yes,06-04-2010,5,1,INE262H01021,5
PETRONET,Petronet LNG Limited,eq,yes,26-03-2004,10,1,INE347G01014,10
PFC,Power Finance Corporation Limited,eq,yes,23-02-2007,10,1,INE134E01011,10
PFIZER,Pfizer Limited,eq,no,28-04-1999,10,1,INE182A01018,10
PFOCUS,Prime Focus Limited,eq,no,20-06-2006,1,1,INE367G01038,1
PFS,PTC India Financial Services Limited,eq,no,30-03-2011,10,1,INE560K01014,10
PGEL,PG Electroplast Limited,eq,yes,26-09-2011,1,1,INE457L01029,1
PGHH,Procter & Gamble Hygiene and Health Care Limited,eq,no,07-07-2004,10,1,INE179A01014,10
PGHL,Procter & Gamble Health Limited,eq,no,24-04-1996,10,1,INE199A01012,10
PGIL,Pearl Global Industries Limited,eq,no,15-02-2007,5,1,INE940H01022,5
PHOENIXLTD,The Phoenix Mills Limited,eq,yes,23-04-2007,2,1,INE211B01039,2
PICCADIL,Piccadily Agro Industries Limited,eq,no,02-07-2025,10,1,INE546C01010,10
PIDILITIND,Pidilite Industries Limited,eq,yes,29-03-1995,1,1,INE318A01026,1
PIGL,Power & Instrumentation (Gujarat) Limited,eq,no,17-05-2023,10,1,INE557Z01018,10
PIIND,PI Industries Limited,eq,yes,15-06-2011,1,1,INE603J01030,1
PILANIINVS,Pilani Investment and Industries Corporation Limited,eq,no,08-12-2015,10,1,INE417C01014,10
PILITA,PIL ITALICA LIFESTYLE LIMITED,eq,no,07-10-2013,1,1,INE600A01035,1
PINELABS,Pine Labs Limited,eq,no,14-11-2025,1,1,INE15B701018,1
PIONEEREMB,Pioneer Embroideries Limited,eq,no,16-05-2006,10,1,INE156C01018,10
PIRAMALFIN,Piramal Finance Limited,eq,no,07-11-2025,2,1,INE202B01038,2
PITTIENG,Pitti Engineering Limited,eq,no,02-02-2007,5,1,INE450D01021,5
PIXTRANS,Pix Transmissions Limited,eq,no,28-04-2022,10,1,INE751B01018,10
PKTEA,The Peria Karamalai Tea & Produce Company Limited,eq,no,19-08-2015,10,1,INE431F01018,10
PLASTIBLEN,Plastiblends India Limited,eq,no,28-12-2006,5,1,INE083C01022,5
PLATIND,Platinum Industries Limited,eq,no,05-03-2024,10,1,INE0PT501018,10
PLAZACABLE,Plaza Wires Limited,eq,no,12-10-2023,10,1,INE0INJ01017,10
PNB,Punjab National Bank,eq,yes,24-04-2002,2,1,INE160A01022,2
PNBGILTS,PNB Gilts Limited,eq,no,18-09-2000,10,1,INE859A01011,10
PNBHOUSING,PNB Housing Finance Limited,eq,yes,07-11-2016,10,1,INE572E01012,10
PNC,Pritish Nandy Communications Limited,eq,no,11-12-2000,10,1,INE392B01011,10
PNCINFRA,PNC Infratech Limited,eq,no,26-05-2015,2,1,INE195J01029,2
PNGJL,P N Gadgil Jewellers Limited,eq,no,17-09-2024,10,1,INE953R01016,10
PNGSREVA,PNGS Reva Diamond Jewellery Limited,eq,no,04-03-2026,10,1,INE1RDG01013,10
POCL,Pondy Oxides & Chemicals Limited,eq,no,06-03-2023,5,1,INE063E01053,5
PODDARMENT,Poddar Pigments Limited,eq,no,22-11-2016,10,1,INE371C01013,10
POKARNA,Pokarna Limited,eq,no,07-07-2016,2,1,INE637C01025,2
POLICYBZR,PB Fintech Limited,eq,yes,15-11-2021,2,1,INE417T01026,2
POLYCAB,Polycab India Limited,eq,yes,16-04-2019,10,1,INE455K01017,10
POLYMED,Poly Medicure Limited,eq,no,07-12-2011,5,1,INE205C01021,5
POLYPLEX,Polyplex Corporation Limited,eq,no,11-04-2003,10,1,INE633B01018,10
PONNIERODE,Ponni Sugars (Erode) Limited,eq,no,16-04-2002,10,1,INE838E01017,10
POONAWALLA,Poonawalla Fincorp Limited,eq,no,27-04-2004,2,1,INE511C01022,2
POWERGRID,Power Grid Corporation of India Limited,eq,yes,05-10-2007,10,1,INE752E01010,10
POWERICA,Powerica Limited,eq,no,02-04-2026,5,1,INE921L01032,5
POWERINDIA,Hitachi Energy India Limited,eq,yes,30-03-2020,2,1,INE07Y701011,2
POWERMECH,Power Mech Projects Limited,eq,no,26-08-2015,10,1,INE211R01019,10
PPAP,PPAP Automotive Limited,eq,no,11-01-2008,10,1,INE095I01015,10
PPL,Prakash Pipes Limited,eq,no,14-06-2019,10,1,INE050001010,10
PPLPHARMA,Piramal Pharma Limited,eq,yes,19-10-2022,10,1,INE0DK501011,10
PRABHA,Prabha Energy Limited,eq,no,19-03-2025,1,1,INE0I0M01023,1
PRAENG,Prajay Engineers Syndicate Limited,eq,no,02-01-2007,10,1,INE505C01016,10
PRAJIND,Praj Industries Limited,eq,no,11-10-1995,2,1,INE074A01025,2
PRAKASH,Prakash Industries Limited,eq,no,10-05-1995,10,1,INE603A01013,10
PRAKASHSTL,Prakash Steelage Limited,eq,no,25-08-2010,1,1,INE696K01024,1
PRAXIS,Praxis Home Retail Limited,eq,no,31-01-2018,5,1,INE546Y01022,5
PRECAM,Precision Camshafts Limited,eq,no,08-02-2016,10,1,INE484I01029,10
PRECOT,Precot Limited,be,no,19-08-2005,10,1,INE283A01014,10
PRECWIRE,Precision Wires India Limited,eq,no,06-09-1995,1,1,INE372C01037,1
PREMEXPLN,Premier Explosives Limited,eq,no,17-06-2016,2,1,INE863B01029,2
PREMIER,Premier Limited,be,no,03-04-1996,10,1,INE342A01018,10
PREMIERENE,Premier Energies Limited,eq,yes,03-09-2024,1,1,INE0BS701011,1
PREMIERPOL,Premier Polyfilm Limited,be,no,13-12-1995,1,1,INE309M01020,1
PRESTIGE,Prestige Estates Projects Limited,eq,yes,27-10-2010,10,1,INE811K01011,10
PRICOLLTD,Pricol Limited,eq,no,10-02-2017,1,1,INE726V01018,1
PRIMESECU,Prime Securities Limited,eq,no,17-06-2005,5,1,INE032B01021,5
PRIMO,Primo Chemicals Limited,eq,no,22-04-2025,2,1,INE607A01022,2
PRINCEPIPE,Prince Pipes And Fittings Limited,eq,no,30-12-2019,10,1,INE689W01016,10
PRITI,Priti International Limited,eq,no,02-03-2022,10,1,INE974Z01015,10
PRITIKAUTO,Pritika Auto Industries Limited,eq,no,10-08-2021,2,1,INE583R01029,2
PRIVISCL,Privi Speciality Chemicals Limited,eq,no,08-05-2015,10,1,INE959A01019,10
PROSTARM,Prostarm Info Systems Limited,eq,no,03-06-2025,10,1,INE0BX301013,10
PROTEAN,Protean eGov Technologies Limited,eq,no,06-02-2025,10,1,INE004A01022,10
PROZONER,Prozone Realty Limited,eq,no,12-09-2012,2,1,INE195N01013,2
PRSMJOHNSN,Prism Johnson Limited,eq,no,20-08-2003,10,1,INE010A01011,10
PRUDENT,Prudent Corporate Advisory Services Limited,eq,no,20-05-2022,5,1,INE00F201020,5
PRUDMOULI,Prudential Sugar Corporation Limited,eq,no,10-05-1995,10,100,INE024D01016,10
PSB,Punjab & Sind Bank,eq,no,30-12-2010,10,1,INE608A01012,10
PSPPROJECT,PSP Projects Limited,eq,no,29-05-2017,10,1,INE488V01015,10
PTC,PTC India Limited,eq,no,07-04-2004,10,1,INE877F01012,10
PTCIL,PTC Industries Limited,eq,no,09-06-2023,10,1,INE596F01018,10
PTL,PTL Enterprises Limited,eq,no,29-01-2007,1,1,INE034D01049,1
PUNJABCHEM,Punjab Chemicals & Crop Protection Limited,eq,no,08-03-2007,10,1,INE277B01014,10
PURVA,Puravankara Limited,eq,no,30-08-2007,5,1,INE323I01011,5
PVP,PVP Ventures Limited,eq,no,03-04-1996,10,1,INE362A01016,10
PVRINOX,PVR INOX Limited,eq,no,04-01-2006,10,1,INE191H01014,10
PVSL,Popular Vehicles and Services Limited,eq,no,19-03-2024,2,1,INE772T01024,2
PWL,Physicswallah Limited,eq,no,18-11-2025,1,1,INE0LP301011,1
PYRAMID,Pyramid Technoplast Limited,eq,no,29-08-2023,10,1,INE0MIS01010,10
QPOWER,Quality Power Electrical Equipments Limited,eq,no,24-02-2025,10,1,INE0SII01026,10
QUADFUTURE,Quadrant Future Tek Limited,eq,no,14-01-2025,10,1,INE0LRY01011,10
QUESS,Quess Corp Limited,eq,no,12-07-2016,10,1,INE615P01015,10
QUICKHEAL,Quick Heal Technologies Limited,eq,no,18-02-2016,10,1,INE306L01010,10
RACE,Race Eco Chain Limited,be,no,09-05-2023,10,1,INE084Q01012,10
RACLGEAR,RACL Geartech Limited,eq,no,27-11-2024,10,1,INE704B01017,10
RADAAN,Radaan Mediaworks India Limited,eq,no,27-02-2003,2,1,INE874F01027,2
RADHIKAJWE,Radhika Jeweltech Limited,eq,no,18-07-2022,2,1,INE583V01021,2
RADIANTCMS,Radiant Cash Management Services Limited,eq,no,04-01-2023,1,1,INE855R01021,1
RADICO,Radico Khaitan Limited,eq,no,18-06-2003,2,1,INE944F01028,2
RADIOCITY,Music Broadcast Limited,eq,no,17-03-2017,2,1,INE919I01024,2
RAILTEL,Railtel Corporation Of India Limited,eq,no,26-02-2021,10,1,INE0DD101019,10
RAIN,Rain Industries Limited,eq,no,03-03-2008,2,1,INE855B01025,2
RAINBOW,Rainbow Childrens Medicare Limited,eq,no,10-05-2022,10,1,INE961O01016,10
RAJESHEXPO,Rajesh Exports Limited,bz,no,09-02-2000,1,1,INE343B01030,1
RAJMET,Rajnandini Metal Limited,eq,no,16-02-2021,1,1,INE00KV01022,1
RAJOOENG,Rajoo Engineers Limited,eq,no,29-05-2025,1,1,INE535F01024,1
RAJRATAN,Rajratan Global Wire Limited,eq,no,22-05-2020,2,1,INE451D01029,2
RAJRILTD,Raj Rayon Industries Limited,be,no,16-03-2022,1,1,INE533D01032,1
RAJSREESUG,Rajshree Sugars & Chemicals Limited,eq,no,29-03-1995,10,1,INE562B01019,10
RAJTV,Raj Television Network Limited,eq,no,16-03-2007,5,1,INE952H01027,5
RALLIS,Rallis India Limited,eq,no,01-04-1999,1,1,INE613A01020,1
RAMANEWS,Shree Rama Newsprint Limited,eq,no,20-09-2006,10,1,INE278B01020,10
RAMAPHO,Rama Phosphates Limited,eq,no,05-08-2022,5,1,INE809A01032,5
RAMASTEEL,Rama Steel Tubes Limited,eq,no,19-08-2015,1,1,INE230R01035,1
RAMCOCEM,The Ramco Cements Limited,eq,no,09-04-1997,1,1,INE331A01037,1
RAMCOIND,Ramco Industries Limited,eq,no,06-11-1996,1,1,INE614A01028,1
RAMCOSYS,Ramco Systems Limited,eq,no,12-04-2000,10,1,INE246B01019,10
RAMKY,Ramky Infrastructure Limited,eq,no,08-10-2010,10,1,INE874I01013,10
RAMRAT,Ram Ratna Wires Limited,eq,no,29-07-2022,5,1,INE207E01023,5
RANASUG,Rana Sugars Limited,eq,no,24-02-2005,10,1,INE625B01014,10
RANEHOLDIN,Rane Holdings Limited,eq,no,24-09-1997,10,1,INE384A01010,10
RATEGAIN,Rategain Travel Technologies Limited,eq,no,17-12-2021,1,1,INE0CLI01024,1
RATNAMANI,Ratnamani Metals & Tubes Limited,eq,no,09-05-2006,2,1,INE703B01027,2
RATNAVEER,Ratnaveer Precision Engineering Limited,eq,no,11-09-2023,10,1,INE05CZ01011,10
RAYMOND,Raymond Limited,eq,no,18-10-1995,10,1,INE301A01014,10
RAYMONDLSL,Raymond Lifestyle Limited,eq,no,05-09-2024,2,1,INE02ID01020,2
RAYMONDREL,Raymond Realty Limited,eq,no,01-07-2025,10,1,INE1SY401010,10
RBA,Restaurant Brands Asia Limited,eq,no,14-12-2020,10,1,INE07T201019,10
RBLBANK,RBL Bank Limited,eq,yes,31-08-2016,10,1,INE976G01028,10
RBZJEWEL,RBZ Jewellers Limited,eq,no,27-12-2023,10,1,INE0PEQ01016,10
RCF,Rashtriya Chemicals and Fertilizers Limited,eq,no,07-01-1998,10,1,INE027A01015,10
RCOM,Reliance Communications Limited,be,no,06-03-2006,5,1,INE330H01018,5
RECLTD,REC Limited,eq,yes,12-03-2008,10,1,INE020B01018,10
REDINGTON,Redington Limited,eq,no,15-02-2007,2,1,INE891D01026,2
REDTAPE,Redtape Limited,eq,no,11-08-2023,2,1,INE0LXT01019,2
REFEX,Refex Industries Limited,eq,no,03-12-2009,2,1,INE056I01025,2
REGAAL,Regaal Resources Limited,eq,no,20-08-2025,5,1,INE0MHO01029,5
REGENCERAM,Regency Ceramics Limited,eq,no,05-06-1996,10,1,INE277C01012,10
RELAXO,Relaxo Footwears Limited,eq,no,17-06-2011,1,1,INE131B01039,1
RELCHEMQ,Reliance Chemotex Industries Limited,eq,no,25-05-2022,10,1,INE750D01016,10
RELIABLE,Reliable Data Services Limited,eq,no,10-07-2024,10,1,INE375Y01018,10
RELIANCE,Reliance Industries Limited,eq,yes,29-11-1995,10,1,INE002A01018,10
RELIGARE,Religare Enterprises Limited,eq,no,21-11-2007,10,1,INE621H01010,10
RELTD,Ravindra Energy Limited,eq,no,30-07-2024,10,1,INE206N01018,10
REMSONSIND,Remsons Industries Limited,eq,no,31-01-1996,2,1,INE474C01023,2
RENUKA,Shree Renuka Sugars Limited,eq,no,31-10-2005,1,1,INE087H01022,1
REPCOHOME,Repco Home Finance Limited,eq,no,01-04-2013,10,1,INE612J01015,10
REPL,Rudrabhishek Enterprises Limited,eq,no,14-12-2020,10,1,INE364Z01019,10
REPRO,Repro India Limited,eq,no,22-12-2005,10,1,INE461B01014,10
RESPONIND,Responsive Industries Limited,eq,no,29-10-2010,1,1,INE688D01026,1
RETAIL,JHS Svendgaard Retail Ventures Limited,eq,no,26-06-2024,10,1,INE03DD01011,10
RGL,Renaissance Global Limited,eq,no,12-12-2007,2,1,INE722H01024,2
RHETAN,Rhetan TMT Limited,eq,no,26-09-2025,1,1,INE0KKN01029,1
RHIM,RHI MAGNESITA INDIA LIMITED,eq,no,12-03-2012,1,1,INE743M01012,1
RHL,Robust Hotels Limited,eq,no,25-04-2023,10,1,INE508K01013,10
RICOAUTO,Rico Auto Industries Limited,eq,no,12-05-2003,1,1,INE209B01025,1
RIIL,Reliance Industrial Infrastructure Limited,eq,no,29-11-1995,10,1,INE046A01015,10
RISHABH,Rishabh Instruments Limited,eq,no,11-09-2023,10,1,INE0N2P01017,10
RITCO,Ritco Logistics Limited,eq,no,12-04-2022,10,1,INE01EG01016,10
RITES,RITES Limited,eq,no,02-07-2018,10,1,INE320J01015,10
RKDL,Ravi Kumar Distilleries Limited,eq,no,27-12-2010,10,1,INE722J01012,10
RKEC,RKEC Projects Limited,eq,no,18-12-2020,10,1,INE786W01010,10
RKFORGE,Ramkrishna Forgings Limited,eq,no,05-05-2004,2,1,INE399G01023,2
RKSWAMY,R K Swamy Limited,eq,no,12-03-2024,5,1,INE0NQ801033,5
RMC,RMC Switchgears Limited,be,no,01-04-2026,10,1,INE655V01019,10
RMDRIP,R M Drip and Sprinklers Systems Limited,eq,no,30-07-2025,1,1,INE219Y01026,1
RML,Rane (Madras) Limited,eq,no,30-08-2005,10,1,INE050H01012,10
RNBDENIMS,R&B Denims Limited,be,no,04-09-2025,1,1,INE012Q01039,1
ROHLTD,Royal Orchid Hotels Limited,eq,no,06-02-2006,10,1,INE283H01019,10
ROLEXRINGS,Rolex Rings Limited,eq,no,09-08-2021,1,1,INE645S01024,1
ROLLT,Rollatainers Limited,be,no,22-11-2016,1,1,INE927A01040,1
ROML,Raj Oil Mills Limited,eq,no,06-10-2020,10,1,INE294G01026,10
ROSSARI,Rossari Biotech Limited,eq,no,23-07-2020,2,1,INE02A801020,2
ROSSELLIND,Rossell India Limited,eq,no,25-09-2012,2,1,INE847C01020,2
ROSSTECH,Rossell Techsys Limited,eq,no,09-12-2024,2,1,INE0OJW01016,2
ROTO,Roto Pumps Limited,eq,no,21-04-2022,1,1,INE535D01037,1
ROUTE,ROUTE MOBILE LIMITED,eq,no,21-09-2020,10,1,INE450U01017,10
RPEL,Raghav Productivity Enhancers Limited,eq,no,08-08-2024,10,1,INE912T01018,10
RPGLIFE,RPG Life Sciences Limited,eq,no,10-06-2008,8,1,INE105J01010,8
RPOWER,Reliance Power Limited,eq,no,11-02-2008,10,1,INE614G01033,10
RPPINFRA,R.P.P. Infra Projects Limited,eq,no,06-12-2010,10,1,INE324L01013,10
RPPL,Rajshree Polypack Limited,eq,no,26-11-2021,5,1,INE760W01023,5
RPSGVENT,RPSG VENTURES LIMITED,eq,no,25-01-2019,10,1,INE425Y01011,10
RPTECH,Rashi Peripherals Limited,eq,no,14-02-2024,5,1,INE0J1F01024,5
RRKABEL,R R Kabel Limited,eq,no,20-09-2023,5,1,INE777K01022,5
RSL,Rajputana Stainless Limited,eq,no,19-03-2026,10,1,INE313L01016,10
RSSOFTWARE,R. S. Software (India) Limited,eq,no,19-05-1999,5,1,INE165B01029,5
RSWM,RSWM Limited,eq,no,15-02-1995,10,1,INE611A01016,10
RSYSTEMS,R Systems International Limited,eq,no,26-04-2006,1,1,INE411H01032,1
RTNINDIA,RattanIndia Enterprises Limited,eq,no,30-07-2012,2,1,INE834M01019,2
RTNPOWER,RattanIndia Power Limited,eq,no,30-10-2009,10,1,INE399K01017,10
RUBFILA,Rubfila International Limited,eq,no,08-08-2024,5,1,INE642C01025,5
RUBICON,Rubicon Research Limited,eq,no,16-10-2025,1,1,INE506V01022,1
RUBYMILLS,The Ruby Mills Limited,eq,no,29-03-1995,5,1,INE301D01026,5
RUCHINFRA,Ruchi Infrastructure Limited,eq,no,16-10-1996,1,1,INE413B01023,1
RUCHIRA,Ruchira Papers Limited,eq,no,20-12-2006,10,1,INE803H01014,10
RUDRA,Rudra Global Infra Products Limited,eq,no,19-12-2025,5,1,INE027T01023,5
RUPA,Rupa & Company Limited,eq,no,07-12-2011,1,1,INE895B01021,1
RUSHIL,Rushil Decor Limited,eq,no,07-07-2011,1,1,INE573K01025,1
RUSTOMJEE,Keystone Realtors Limited,eq,no,24-11-2022,10,1,INE263M01029,10
RVHL,Ravinder Heights Limited,eq,no,18-12-2020,1,1,INE09E501017,1
RVNL,Rail Vikas Nigam Limited,eq,yes,11-04-2019,10,1,INE415G01027,10
RVTH,Revathi Equipment India Limited,eq,no,11-09-2024,10,1,INE0DAB01012,10
S&SPOWER,S&S Power Switchgears Limited,be,no,27-09-1995,10,1,INE902B01017,10
SAATVIKGL,Saatvik Green Energy Limited,eq,no,26-09-2025,2,1,INE13B501022,2
SADBHAV,Sadbhav Engineering Limited,be,no,01-03-2006,1,1,INE226H01026,1
SADBHIN,Sadbhav Infrastructure Project Limited,eq,no,16-09-2015,10,1,INE764L01010,10
SADHNANIQ,Sadhana Nitrochem Limited,eq,no,05-05-2023,1,1,INE888C01040,1
SAFARI,Safari Industries (India) Limited,eq,no,12-09-2019,2,1,INE429E01023,2
SAGARDEEP,Sagardeep Alloys Limited,eq,no,25-01-2019,10,1,INE976T01013,10
SAGCEM,Sagar Cements Limited,eq,no,29-01-2007,2,1,INE229C01021,2
SAGILITY,SAGILITY LIMITED,eq,no,12-11-2024,10,1,INE0W2G01015,10
SAHLIBHFI,Shalibhadra Finance Limited,eq,no,10-04-2026,10,1,INE861D01011,10
SAHYADRI,Sahyadri Industries Limited,eq,no,06-04-2023,10,1,INE280H01015,10
SAIL,Steel Authority of India Limited,eq,yes,06-07-1995,10,1,INE114A01011,10
SAILIFE,Sai Life Sciences Limited,eq,no,18-12-2024,1,1,INE570L01029,1
SAIPARENT,Sai Parenterals Limited,eq,no,02-04-2026,5,1,INE0H9F01037,5
SAKAR,Sakar Healthcare Limited,eq,no,11-04-2019,10,1,INE732S01012,10
SAKHTISUG,Sakthi Sugars Limited,eq,no,06-09-1995,10,1,INE623A01011,10
SAKSOFT,Saksoft Limited,eq,no,09-05-2005,1,1,INE667G01023,1
SAKUMA,Sakuma Exports Limited,eq,no,08-03-2006,1,1,INE190H01024,1
SALASAR,Salasar Techno Engineering Limited,eq,no,25-07-2017,1,1,INE170V01027,1
SALONA,Salona Cotspin Limited,eq,no,16-06-2016,10,1,INE498E01010,10
SALSTEEL,S.A.L. Steel Limited,eq,no,24-11-2004,10,1,INE658G01014,10
SALZERELEC,Salzer Electronics Limited,eq,no,02-12-2015,10,1,INE457F01013,10
SAMBHAAV,Sambhaav Media Limited,eq,no,05-06-1996,1,1,INE699B01027,1
SAMBHV,Sambhv Steel Tubes Limited,eq,no,02-07-2025,10,1,INE12NJ01018,10
SAMHI,Samhi Hotels Limited,eq,no,22-09-2023,1,1,INE08U801020,1
SAMMAANCAP,Sammaan Capital Limited,eq,yes,23-07-2013,2,1,INE148I01020,2
SAMPANN,Sampann Utpadan India Limited,eq,no,27-07-2012,10,1,INE735M01018,10
SANATHAN,Sanathan Textiles Limited,eq,no,27-12-2024,10,1,INE0JPD01013,10
SANCO,Sanco Industries Limited,bz,no,22-11-2016,10,1,INE782L01012,10
SANDESH,The Sandesh Limited,eq,no,26-11-2002,10,1,INE583B01015,10
SANDHAR,Sandhar Technologies Limited,eq,no,02-04-2018,10,1,INE278H01035,10
SANDUMA,Sandur Manganese & Iron Ores Limited,eq,no,07-09-2023,10,1,INE149K01016,10
SANGAMIND,Sangam (India) Limited,eq,no,17-07-1996,10,1,INE495C01010,10
SANGHVIMOV,Sanghvi Movers Limited,eq,no,24-01-2007,1,1,INE989A01032,1
SANGINITA,Sanginita Chemicals Limited,be,no,15-07-2019,10,1,INE753W01010,10
SANOFI,Sanofi India Limited,eq,no,19-05-2003,10,1,INE058A01010,10
SANOFICONR,Sanofi Consumer Healthcare India Limited,eq,no,13-09-2024,10,1,INE0UOS01011,10
SANSERA,Sansera Engineering Limited,eq,no,24-09-2021,2,1,INE953O01021,2
SANSTAR,Sanstar Limited,eq,no,26-07-2024,2,1,INE08NE01025,2
SAPPHIRE,Sapphire Foods India Limited,eq,no,18-11-2021,2,1,INE806T01020,2
SARDAEN,Sarda Energy & Minerals Limited,eq,no,03-12-2009,1,1,INE385C01021,1
SAREGAMA,Saregama India Limited,eq,no,30-07-1997,1,1,INE979A01025,1
SARLAPOLY,Sarla Performance Fibers Limited,eq,no,19-01-2007,1,1,INE453D01025,1
SARVESHWAR,Sarveshwar Foods Limited,eq,no,08-12-2022,1,1,INE324X01026,1
SASKEN,Sasken Technologies Limited,eq,no,09-09-2005,10,1,INE231F01020,10
SASTASUNDR,Sastasundar Ventures Limited,eq,no,05-10-2010,10,1,INE019J01013,10
SATIA,Satia Industries Limited,eq,no,17-07-2019,1,1,INE170E01023,1
SATIN,Satin Creditcare Network Limited,eq,no,26-08-2015,10,1,INE836B01017,10
SAURASHCEM,Saurashtra Cement Limited,eq,no,27-02-2024,10,1,INE626A01014,10
SBC,SBC Exports Limited,eq,no,23-11-2021,1,1,INE04AK01028,1
SBCL,Shivalik Bimetal Controls Limited,eq,no,24-06-2021,2,1,INE386D01027,2
SBFC,SBFC Finance Limited,eq,no,16-08-2023,10,1,INE423Y01016,10
SBGLP,Suratwwala Business Group Limited,eq,no,10-02-2023,1,1,INE05ST01028,1
SBICARD,SBI Cards and Payment Services Limited,eq,yes,16-03-2020,10,1,INE018E01016,10
SBILIFE,SBI Life Insurance Company Limited,eq,yes,03-10-2017,10,1,INE123W01016,10
SBIN,State Bank of India,eq,yes,01-03-1995,1,1,INE062A01020,1
SCHAEFFLER,Schaeffler India Limited,eq,no,29-11-2000,2,1,INE513A01022,2
SCHAND,S Chand And Company Limited,eq,no,09-05-2017,5,1,INE807K01035,5
SCHNEIDER,Schneider Electric Infrastructure Limited,be,no,20-03-2012,2,1,INE839M01018,2
SCI,Shipping Corporation Of India Limited,eq,no,13-08-1997,10,1,INE109A01011,10
SCILAL,Shipping Corporation of India Land and Assets Limited,eq,no,19-03-2024,10,1,INE0PB301013,10
SCODATUBES,Scoda Tubes Limited,eq,no,04-06-2025,10,1,INE090501011,10
SCPL,Sheetal Cool Products Limited,be,no,22-11-2022,10,1,INE501Y01019,10
SDBL,Som Distilleries & Breweries Limited,eq,no,18-03-2014,2,1,INE480C01038,2
SEAMECLTD,Seamec Limited,eq,no,28-06-1995,10,1,INE497B01018,10
SECMARK,SecMark Consultancy Limited,eq,no,16-10-2023,10,1,INE0BTM01013,10
SECURKLOUD,SECUREKLOUD TECHNOLOGIES LIMITED,eq,no,29-01-2014,5,1,INE650K01021,5
SEDEMAC,SEDEMAC Mechatronics Limited,eq,no,11-03-2026,10,1,INE00XB01019,10
SEJALLTD,Sejal Glass Limited,eq,no,13-12-2021,10,1,INE955I01044,10
SELMC,SEL Manufacturing Company Limited,eq,no,26-10-2021,10,1,INE105I01020,10
SEMAC,Semac Construction Limited,eq,no,11-08-2005,10,1,INE617A01013,10
SENCO,Senco Gold Limited,eq,no,14-07-2023,5,1,INE602W01027,5
SENORES,Senores Pharmaceuticals Limited,eq,no,30-12-2024,10,1,INE0RB801010,10
SEPC,SEPC Limited,eq,no,20-02-2008,10,1,INE964H01014,10
SERVOTECH,Servotech Renewable Power System Limited,eq,no,02-09-2021,1,1,INE782X01033,1
SESHAPAPER,Seshasayee Paper and Boards Limited,eq,no,29-03-1995,2,1,INE630A01024,2
SETCO,Setco Automotive Limited,be,no,01-07-2016,2,1,INE878E01021,2
SETL,Standard Engineering Technology Limited,eq,no,13-01-2025,10,1,INE0M4D01010,10
SETUINFRA,Setubandhan Infrastructure Limited,bz,no,04-10-2011,1,1,INE023M01027,1
SEYAIND,Seya Industries Limited,be,no,11-07-2019,10,1,INE573R01012,10
SFL,Sheela Foam Limited,eq,no,09-12-2016,5,1,INE916U01025,5
SGFIN,SG Finserve Limited,eq,no,05-08-2025,10,1,INE618R01015,10
SGIL,Synergy Green Industries Limited,eq,no,28-07-2021,10,1,INE00QT01015,10
SGL,STL Global Limited,eq,no,10-04-2006,10,1,INE353H01010,10
SGMART,SG Mart Limited,eq,no,12-09-2025,1,1,INE385F01024,1
SHADOWFAX,Shadowfax Technologies Limited,eq,no,28-01-2026,10,1,INE12UN01015,10
SHAH,Shah Metacorp Limited,eq,no,27-10-2010,1,1,INE482J01021,1
SHAHALLOYS,Shah Alloys Limited,eq,no,16-06-2005,10,1,INE640C01011,10
SHAILY,Shaily Engineering Plastics Limited,eq,no,04-04-2022,2,1,INE151G01028,2
SHAKTIPUMP,Shakti Pumps (India) Limited,eq,no,29-01-2015,10,1,INE908D01010,10
SHALBY,Shalby Limited,eq,no,15-12-2017,10,1,INE597J01018,10
SHALPAINTS,Shalimar Paints Limited,eq,no,03-03-2008,2,1,INE849C01026,2
SHANKARA,Shankara Building Products Limited,be,no,05-04-2017,10,1,INE274V01019,10
SHANTI,Shanti Overseas (India) Limited,eq,no,16-09-2021,10,1,INE933X01016,10
SHANTIGEAR,Shanthi Gears Limited,eq,no,17-01-1996,1,1,INE631A01022,1
SHANTIGOLD,Shanti Gold International Limited,eq,no,01-08-2025,10,1,INE06ZD01017,10
SHARDACROP,Sharda Cropchem Limited,eq,no,23-09-2014,10,1,INE221J01015,10
SHARDAMOTR,Sharda Motor Industries Limited,eq,no,03-09-2015,2,1,INE597I01028,2
SHAREINDIA,Share India Securities Limited,eq,no,21-09-2020,2,1,INE932X01026,2
SHEKHAWATI,Shekhawati Industries Limited,eq,no,12-01-2011,10,1,INE268L01046,10
SHEMAROO,Shemaroo Entertainment Limited,eq,no,01-10-2014,10,1,INE363M01019,10
SHILCTECH,Shilchar Technologies Limited,eq,no,24-11-2025,10,1,INE024F01011,10
SHILPAMED,Shilpa Medicare Limited,eq,no,03-12-2009,1,1,INE790G01031,1
SHIVALIK,Shivalik Rasayan Limited,eq,no,09-12-2021,5,1,INE788J01021,5
SHIVAMAUTO,Shivam Autotech Limited,eq,no,21-11-2006,2,1,INE637H01024,2
SHIVAMILLS,Shiva Mills Limited,eq,no,26-02-2018,10,1,INE644Y01017,10
SHIVATEX,Shiva Texyarn Limited,eq,no,26-12-2017,10,1,INE705C01020,10
SHIVAUM,Shiv Aum Steels Limited,be,no,14-11-2025,10,1,INE719F01016,10
SHK,S H Kelkar and Company Limited,eq,no,16-11-2015,10,1,INE500L01026,10
SHOPERSTOP,Shoppers Stop Limited,eq,no,23-05-2005,5,1,INE498B01024,5
SHRADHA,Shradha Realty Limited,eq,no,22-10-2020,2,1,INE715Y01031,2
SHREDIGCEM,Shree Digvijay Cement Co.Ltd,eq,no,28-01-2020,10,1,INE232A01011,10
SHREECEM,SHREE CEMENT LIMITED,eq,yes,26-04-1995,10,1,INE070A01015,10
SHREEJISPG,Shreeji Shipping Global Limited,eq,no,26-08-2025,10,1,INE1B6101010,10
SHREEPUSHK,Shree Pushkar Chemicals & Fertilisers Limited,eq,no,10-09-2015,10,1,INE712K01011,10
SHREERAMA,Shree Rama Multi-Tech Limited,eq,no,13-03-2000,5,1,INE879A01019,5
SHRENIK,Shrenik Limited,bz,no,02-08-2019,1,1,INE632X01030,1
SHREYANIND,Shreyans Industries Limited,eq,no,06-11-1996,10,1,INE231C01019,10
SHRINGARMS,Shringar House of Mangalsutra Limited,eq,no,17-09-2025,10,1,INE1B3L01017,10
SHRIPISTON,Shriram Pistons & Rings Limited,eq,no,02-06-2016,10,1,INE526E01018,10
SHRIRAMFIN,Shriram Finance Limited,eq,yes,11-12-1996,2,1,INE721A01047,2
SHRIRAMPPS,Shriram Properties Limited,eq,no,20-12-2021,10,1,INE217L01019,10
SHYAMCENT,Shyam Century Ferrous Limited,eq,no,28-07-2015,1,1,INE979R01011,1
SHYAMMETL,Shyam Metalics and Energy Limited,eq,no,24-06-2021,10,1,INE810G01011,10
SHYAMTEL,Shyam Telecom Limited,eq,no,06-11-2006,10,1,INE635A01023,10
SICALLOG,Sical Logistics Limited,be,no,12-10-2023,10,1,INE075B01020,10
SIEMENS,Siemens Limited,eq,yes,06-09-1995,2,1,INE003A01024,2
SIGACHI,Sigachi Industries Limited,eq,no,15-11-2021,1,1,INE0D0K01022,1
SIGIND,Signet Industries Limited,eq,no,29-08-2018,10,1,INE529F01035,10
SIGMA,Sigma Solve Limited,eq,no,09-06-2023,1,1,INE0A0S01028,1
SIGMAADV,SIGMA ADVANCED SYSTEMS LIMITED,eq,no,19-07-2007,10,1,INE933B01012,10
SIGNATURE,Signatureglobal (India) Limited,eq,no,27-09-2023,1,1,INE903U01023,1
SIGNPOST,Signpost India Limited,eq,no,14-02-2024,2,1,INE0KGZ01021,2
SIKKO,Sikko Industries Limited,eq,no,22-10-2021,1,1,INE112X01025,1
SIL,Standard Industries Limited,eq,no,27-01-2004,5,1,INE173A01025,5
SILGO,Silgo Retail Limited,eq,no,03-03-2021,10,1,INE01II01013,10
SILINV,SIL Investments Limited,eq,no,22-05-1996,10,1,INE923A01015,10
SILLYMONKS,Silly Monks Entertainment Limited,eq,no,08-07-2020,10,1,INE203Y01012,10
SILVERTUC,Silver Touch Technologies Limited,eq,no,12-05-2022,2,1,INE625X01026,2
SIMBHALS,Simbhaoli Sugars Limited,bz,no,14-03-2016,10,1,INE748T01016,10
SIMPLEXINF,Simplex Infrastructures Limited,eq,no,09-03-2004,2,1,INE059B01024,2
SINCLAIR,Sinclairs Hotels Limited,eq,no,10-04-2024,2,1,INE985A01022,2
SINDHUTRAD,Sindhu Trade Links Limited,eq,no,20-06-2023,1,1,INE325D01025,1
SINGERIND,Singer India Limited,eq,no,19-03-2026,2,1,INE638A01035,2
SINTERCOM,Sintercom India Limited,eq,no,07-10-2020,10,1,INE129Z01016,10
SIRCA,Sirca Paints India Limited,eq,no,22-07-2019,10,1,INE792Z01011,10
SIS,SIS LIMITED,eq,no,10-08-2017,5,1,INE285J01028,5
SITINET,Siti Networks Limited,bz,no,10-01-2007,1,1,INE965H01011,1
SIYSIL,Siyaram Silk Mills Limited,eq,no,29-01-2007,2,1,INE076B01028,2
SJS,S.J.S. Enterprises Limited,eq,no,15-11-2021,10,1,INE284S01014,10
SJVN,SJVN Limited,eq,no,20-05-2010,10,1,INE002L01015,10
SKFINDIA,SKF India Limited,eq,no,27-01-1999,10,1,INE640A01023,10
SKFINDUS,SKF India (Industrial) Limited,eq,no,05-12-2025,10,1,INE2J8701016,10
SKIPPER,Skipper Limited,eq,no,27-05-2015,1,1,INE439E01022,1
SKMEGGPROD,SKM Egg Products Export (India) Limited,eq,no,14-03-1997,5,1,INE411D01023,5
SKYGOLD,SKY GOLD AND DIAMONDS LIMITED,eq,no,06-01-2023,10,1,INE01IU01018,10
SMARTLINK,Smartlink Holdings Limited,eq,no,11-04-2001,2,1,INE178C01020,2
SMARTWORKS,Smartworks Coworking Spaces Limited,eq,no,17-07-2025,10,1,INE0NAZ01010,10
SMCGLOBAL,SMC Global Securities Limited,eq,no,24-02-2021,2,1,INE103C01036,2
SMLMAH,SML Mahindra Limited,eq,no,29-08-2003,10,1,INE294B01019,10
SMLT,Sarthak Metals Limited,eq,no,25-11-2021,10,1,INE017W01010,10
SMSPHARMA,SMS Pharmaceuticals Limited,eq,no,28-02-2007,1,1,INE812G01025,1
SNOWMAN,Snowman Logistics Limited,eq,no,12-09-2014,10,1,INE734N01019,10
SOBHA,Sobha Limited,eq,no,20-12-2006,10,1,INE671H01015,10
SOFTTECH,Softtech Engineers Limited,eq,no,25-02-2022,10,1,INE728Z01015,10
SOLARA,Solara Active Pharma Sciences Limited,eq,no,27-06-2018,10,1,INE624Z01016,10
SOLARINDS,Solar Industries India Limited,eq,yes,03-04-2006,2,1,INE343H01029,2
SOLARWORLD,Solarworld Energy Solutions Limited,eq,no,30-09-2025,5,1,INE0TY101024,5
SOLEX,Solex Energy Limited,eq,no,08-10-2025,10,1,INE880Y01017,10
SOMANYCERA,Somany Ceramics Limited,eq,no,22-11-1995,2,1,INE355A01028,2
SOMATEX,Soma Textiles & Industries Limited,be,no,14-08-1996,10,1,INE314C01013,10
SOMICONVEY,Somi Conveyor Beltings Limited,eq,no,18-07-2016,10,1,INE323J01019,10
SONACOMS,Sona BLW Precision Forgings Limited,eq,yes,24-06-2021,10,1,INE073K01018,10
SONAMLTD,SONAM LIMITED,eq,no,07-04-2022,5,1,INE00LM01029,5
SONATSOFTW,Sonata Software Limited,eq,no,28-07-1999,1,1,INE269A01021,1
SOTL,Savita Oil Technologies Limited,eq,no,28-06-1995,2,1,INE035D01020,2
SOUTHBANK,The South Indian Bank Limited,eq,no,08-12-1998,1,1,INE683A01023,1
SOUTHWEST,South West Pinnacle Exploration Limited,eq,no,18-04-2019,10,1,INE980Y01015,10
SPAL,S. P. Apparels Limited,eq,no,12-08-2016,10,1,INE212I01016,10
SPANDANA,Spandana Sphoorty Financial Limited,eq,no,19-08-2019,10,1,INE572J01011,10
SPARC,Sun Pharma Advanced Research Company Limited,eq,no,18-07-2007,1,1,INE232I01014,1
SPCENET,Spacenet Enterprises India Limited,eq,no,10-01-2017,1,1,INE970N01027,1
SPECIALITY,Speciality Restaurants Limited,eq,no,30-05-2012,10,1,INE247M01014,10
SPECTRUM,Spectrum Electrical Industries Limited,eq,no,28-03-2025,10,1,INE01EO01010,10
SPENCERS,Spencer's Retail Limited,eq,no,25-01-2019,5,1,INE020801028,5
SPIC,Southern Petrochemicals Industries Corporation  Limited,eq,no,10-01-1996,10,1,INE147A01011,10
SPLIL,SPL Industries Limited,eq,no,26-07-2005,10,1,INE978G01016,10
SPLPETRO,Supreme Petrochem Limited,eq,no,24-05-2022,2,1,INE663A01033,2
SPMLINFRA,SPML Infra Limited,eq,no,14-02-1996,2,1,INE937A01023,2
SPORTKING,Sportking India Limited,eq,no,24-08-2022,1,1,INE885H01029,1
SRD,Shankar Lal Rampal Dye-Chem Limited,eq,no,09-10-2024,10,1,INE01NE01012,10
SREEL,Sreeleathers Limited,eq,no,01-01-2014,10,1,INE099F01013,10
SRF,SRF Limited,eq,yes,18-08-2003,10,1,INE647A01010,10
SRGHFL,SRG Housing Finance Limited,eq,no,21-08-2023,10,1,INE559N01010,10
SRHHYPOLTD,Sree Rayalaseema Hi-Strength Hypo Limited,eq,no,08-05-2007,10,1,INE917H01012,10
SRM,SRM Contractors Limited,eq,no,03-04-2024,10,1,INE0R6Z01013,10
SRTL,Shree Ram Twistex Limited,eq,no,02-03-2026,10,1,INE19GK01015,10
SSDL,Saraswati Saree Depot Limited,eq,no,20-08-2024,10,1,INE0PQ101010,10
SSWL,Steel Strips Wheels Limited,eq,no,06-06-2005,1,1,INE802C01033,1
STALLION,Stallion India Fluorochemicals Limited,eq,no,23-01-2025,10,1,INE0RYC01010,10
STANLEY,Stanley Lifestyles Limited,eq,no,28-06-2024,2,1,INE01A001028,2
STAR,Strides Pharma Science Limited,eq,no,02-02-2000,10,1,INE939A01011,10
STARCEMENT,Star Cement Limited,eq,no,16-06-2017,1,1,INE460H01021,1
STARHEALTH,Star Health and Allied Insurance Company Limited,eq,no,10-12-2021,10,1,INE575P01011,10
STARPAPER,Star Paper Mills Limited,eq,no,13-09-1995,10,1,INE733A01018,10
STARTECK,Starteck Finance Limited,eq,no,04-05-2022,10,1,INE992I01013,10
STCINDIA,The State Trading Corporation of India Limited,eq,no,01-04-2003,10,1,INE655A01013,10
STEELCAS,Steelcast Limited,eq,no,23-11-2021,1,1,INE124E01038,1
STEELCITY,Steel City Securities Limited,eq,no,27-06-2019,10,1,INE395H01011,10
STEELXIND,STEEL EXCHANGE INDIA LIMITED,eq,no,20-07-2017,1,1,INE503B01021,1
STEL,Stel Holdings Limited,eq,no,09-02-2011,10,1,INE577L01016,10
STERTOOLS,Sterling Tools Limited,eq,no,02-02-2006,2,1,INE334A01023,2
STLNETWORK,STL Networks Limited,eq,no,04-09-2025,2,1,INE1VXE01018,2
STLTECH,Sterlite Technologies Limited,eq,no,08-12-2000,2,1,INE089C01029,2
STOVEKRAFT,Stove Kraft Limited,eq,no,05-02-2021,10,1,INE00IN01015,10
STUDDS,Studds Accessories Limited,eq,no,07-11-2025,5,1,INE00Q601028,5
STYL,Seshaasai Technologies Limited,eq,no,30-09-2025,10,1,INE04VU01023,10
STYLAMIND,Stylam Industries Limited,eq,no,02-08-2021,5,1,INE239C01020,5
STYLEBAAZA,Baazar Style Retail Limited,eq,no,06-09-2024,5,1,INE01FR01028,5
STYRENIX,Styrenix Performance Materials Limited,eq,no,29-03-1995,10,1,INE189B01011,10
SUBEXLTD,Subex Limited,eq,no,05-11-2020,5,1,INE754A01055,5
SUBROS,Subros Limited,eq,no,13-07-2005,2,1,INE287B01021,2
SUDARCOLOR,Sudarshan Colorants India Limited,eq,no,14-06-1995,10,1,INE492A01029,10
SUDARSCHEM,Sudarshan Chemical Industries Limited,eq,no,25-05-1995,2,1,INE659A01023,2
SUDEEPPHRM,Sudeep Pharma Limited,eq,no,28-11-2025,1,1,INE0QPI01025,1
SUKHJITS,Sukhjit Starch & Chemicals Limited,eq,no,07-11-2022,5,1,INE450E01029,5
SULA,Sula Vineyards Limited,eq,no,22-12-2022,2,1,INE142Q01026,2
SUMEETINDS,Sumeet Industries Limited,eq,no,10-12-2010,2,1,INE235C01036,2
SUMICHEM,Sumitomo Chemical India Limited,eq,no,27-01-2020,10,1,INE258G01013,10
SUMIT,Sumit Woods Limited,eq,no,30-07-2019,10,1,INE748Z01013,10
SUMMITSEC,Summit Securities Limited,eq,no,28-01-2011,10,1,INE519C01017,10
SUNCLAY,Sundaram Clayton Limited,eq,no,29-12-2023,5,1,INE0Q3R01026,5
SUNDARAM,Sundaram Multi Pap Limited,eq,no,02-06-2010,1,1,INE108E01023,1
SUNDARMFIN,Sundaram Finance Limited,eq,no,07-01-1998,10,1,INE660A01013,10
SUNDRMBRAK,Sundaram Brake Linings Limited,eq,no,17-07-1996,10,1,INE073D01013,10
SUNDRMFAST,Sundram Fasteners Limited,eq,no,07-06-2000,1,1,INE387A01021,1
SUNDROP,Sundrop Brands Limited,eq,no,06-12-2002,10,1,INE209A01019,10
SUNFLAG,Sunflag Iron And Steel Company Limited,eq,no,29-09-2005,10,1,INE947A01014,10
SUNPHARMA,Sun Pharmaceutical Industries Limited,eq,yes,08-02-1995,1,1,INE044A01036,1
SUNTECK,Sunteck Realty Limited,eq,no,13-11-2009,1,1,INE805D01034,1
SUNTV,Sun TV Network Limited,eq,no,24-04-2006,5,1,INE424H01027,5
SUPERHOUSE,Superhouse Limited,eq,no,26-09-2014,10,1,INE712B01010,10
SUPERSPIN,Super Spinning Mills Limited,eq,no,08-07-2004,1,1,INE662A01027,1
SUPRAJIT,Suprajit Engineering Limited,eq,no,18-02-2005,1,1,INE399C01030,1
SUPREME,Supreme Holdings & Hospitality (India) Limited,eq,no,03-02-2025,10,1,INE822E01011,10
SUPREMEENG,Supreme Engineering Limited,bz,no,04-12-2020,1,1,INE319Z01021,1
SUPREMEIND,Supreme Industries Limited,eq,yes,19-07-1995,2,1,INE195A01028,2
SUPREMEINF,Supreme Infrastructure India Limited,bz,no,18-10-2007,10,1,INE550H01011,10
SUPRIYA,Supriya Lifescience Limited,eq,no,28-12-2021,2,1,INE07RO01027,2
SURAJEST,Suraj Estate Developers Limited,eq,no,26-12-2023,5,1,INE843S01025,5
SURAJLTD,Suraj Limited,eq,no,29-08-2024,10,1,INE713C01016,10
SURAKSHA,Suraksha Diagnostic Limited,eq,no,06-12-2024,2,1,INE877V01027,2
SURANASOL,Surana Solar Limited,eq,no,07-01-2011,5,1,INE272L01022,5
SURANAT&P,Surana Telecom and Power Limited,eq,no,22-05-2002,1,1,INE130B01031,1
SURYALAXMI,Suryalakshmi Cotton Mills Limited,eq,no,15-06-2005,10,1,INE713B01026,10
SURYAROSNI,Surya Roshni Limited,eq,no,10-05-1995,5,1,INE335A01020,5
SURYODAY,Suryoday Small Finance Bank Limited,eq,no,26-03-2021,10,1,INE428Q01011,10
SUTLEJTEX,Sutlej Textiles and Industries Limited,eq,no,14-12-2006,1,1,INE645H01027,1
SUVEN,Suven Life Sciences Limited,eq,no,23-10-2003,1,1,INE495B01038,1
SUVIDHAA,Suvidhaa Infoserve Limited,eq,no,31-03-2021,1,1,INE018401013,1
SUYOG,Suyog Telematics Limited,eq,no,20-08-2024,10,1,INE442P01014,10
SUZLON,Suzlon Energy Limited,eq,yes,19-10-2005,2,1,INE040H01021,2
SVLL,Shree Vasu Logistics Limited,eq,no,21-04-2023,10,1,INE00CE01017,10
SVPGLOB,SVP GLOBAL TEXTILES LIMITED,eq,no,14-07-2021,1,1,INE308E01029,1
SWANCORP,SWAN CORP LIMITED,eq,no,29-05-2012,1,1,INE665A01038,1
SWANDEF,Swan Defence and Heavy Industries Limited,be,no,20-01-2025,10,1,INE542F01020,10
SWARAJENG,Swaraj Engines Limited,eq,no,06-12-1995,10,1,INE277A01016,10
SWELECTES,Swelect Energy Systems Limited,eq,no,09-05-2006,10,1,INE409B01013,10
SWIGGY,Swiggy Limited,eq,yes,13-11-2024,1,1,INE00H001014,1
SWSOLAR,Sterling and Wilson Renewable Energy Limited,eq,no,20-08-2019,1,1,INE00M201021,1
SYMPHONY,Symphony Limited,eq,no,15-06-2011,2,1,INE225D01027,2
SYNCOMF,Syncom Formulations (India) Limited,eq,no,18-11-2022,1,1,INE312C01025,1
SYNGENE,Syngene International Limited,eq,yes,11-08-2015,10,1,INE398R01022,10
SYRMA,Syrma SGS Technology Limited,eq,no,26-08-2022,10,1,INE0DYJ01015,10
SYSTMTXC,Systematix Corporate Services Limited,eq,no,06-10-2025,1,1,INE356B01024,1
TAINWALCHM,Tainwala Chemical and Plastic (I) Limited,eq,no,27-07-1995,10,1,INE123C01018,10
TAJGVK,Taj GVK Hotels & Resorts Limited,eq,no,20-12-2000,2,1,INE586B01026,2
TAKE,Take Solutions Limited,be,no,27-08-2007,1,1,INE142I01023,1
TALBROAUTO,Talbros Automotive Components Limited,eq,no,29-09-2006,2,1,INE187D01029,2
TANLA,Tanla Platforms Limited,eq,no,05-01-2007,1,1,INE483C01032,1
TARACHAND,Tara Chand InfraLogistic Solutions Limited,eq,no,16-04-2024,2,1,INE555Z01020,2
TARAPUR,Tarapur Transformers Limited,eq,no,18-05-2010,10,1,INE747K01017,10
TARC,TARC Limited,eq,no,18-12-2020,2,1,INE0EK901012,2
TARIL,Transformers And Rectifiers (India) Limited,eq,no,28-12-2007,1,1,INE763I01026,1
TARMAT,Tarmat Limited,be,no,09-07-2007,10,1,INE924H01018,10
TARSONS,Tarsons Products Limited,eq,no,26-11-2021,2,1,INE144Z01023,2
TASTYBITE,Tasty Bite Eatables Limited,eq,no,23-03-2017,10,1,INE488B01017,10
TATACAP,Tata Capital Limited,eq,no,13-10-2025,10,1,INE976I01016,10
TATACHEM,Tata Chemicals Limited,eq,no,01-04-1999,10,1,INE092A01019,10
TATACOMM,Tata Communications Limited,eq,no,12-04-1995,10,1,INE151A01013,10
TATACONSUM,TATA CONSUMER PRODUCTS LIMITED,eq,yes,18-11-1998,1,1,INE192A01025,1
TATAELXSI,Tata Elxsi Limited,eq,yes,17-09-2003,10,1,INE670A01012,10
TATAINVEST,Tata Investment Corporation Limited,eq,no,24-06-1998,1,1,INE672A01026,1
TATAPOWER,Tata Power Company Limited,eq,yes,03-04-1996,1,1,INE245A01021,1
TATASTEEL,Tata Steel Limited,eq,yes,18-11-1998,1,1,INE081A01020,1
TATATECH,Tata Technologies Limited,eq,yes,30-11-2023,2,1,INE142M01025,2
TATVA,Tatva Chintan Pharma Chem Limited,eq,no,29-07-2021,10,1,INE0GK401011,10
TBOTEK,TBO Tek Limited,eq,no,15-05-2024,1,1,INE673O01025,1
TBZ,Tribhovandas Bhimji Zaveri Limited,eq,no,09-05-2012,10,1,INE760L01018,10
TCC,TCC Concept Limited,eq,no,25-02-2026,10,1,INE887D01016,10
TCI,Transport Corporation of India Limited,eq,no,21-01-2002,2,1,INE688A01022,2
TCIEXP,TCI Express Limited,eq,no,15-12-2016,2,1,INE586V01016,2
TCIFINANCE,TCI Finance Limited,eq,no,21-05-1997,10,1,INE911B01018,10
TCPLPACK,TCPL Packaging Limited,eq,no,17-10-2017,10,1,INE822C01015,10
TCS,Tata Consultancy Services Limited,eq,yes,25-08-2004,1,1,INE467B01029,1
TDPOWERSYS,TD Power Systems Limited,eq,no,08-09-2011,2,1,INE419M01027,2
TEAMGTY,Team India Guaranty Limited,eq,no,11-06-2002,10,1,INE289C01025,10
TEAMLEASE,Teamlease Services Limited,eq,no,12-02-2016,10,1,INE985S01024,10
TECHM,Tech Mahindra Limited,eq,yes,28-08-2006,5,1,INE669C01036,5
TECHNOE,Techno Electric & Engineering Company Limited,eq,no,04-12-2018,2,1,INE285K01026,2
TECILCHEM,TECIL Chemicals and Hydro Power Limited,eq,no,06-12-1995,10,50,INE014B01011,10
TEGA,Tega Industries Limited,eq,no,13-12-2021,10,1,INE011K01018,10
TEJASNET,Tejas Networks Limited,eq,no,27-06-2017,10,1,INE010J01012,10
TEMBO,Tembo Global Industries Limited,eq,no,23-04-2021,10,1,INE869Y01010,10
TENNIND,Tenneco Clean Air India Limited,eq,no,19-11-2025,10,1,INE19RI01016,10
TERASOFT,Tera Software Limited,eq,no,29-12-2016,10,1,INE482B01010,10
TEXINFRA,Texmaco Infrastructure & Holdings Limited,eq,no,09-09-2004,1,1,INE435C01024,1
TEXMOPIPES,Texmo Pipes and Products Limited,eq,no,10-03-2010,10,1,INE141K01013,10
TEXRAIL,Texmaco Rail & Engineering Limited,eq,no,03-03-2011,1,1,INE621L01012,1
TFCILTD,Tourism Finance Corporation of India Limited,eq,no,26-07-2000,2,1,INE305A01023,2
TFL,Transwarranty Finance Limited,eq,no,26-02-2007,10,1,INE804H01012,10
TGBHOTELS,TGB Banquets And Hotels Limited,eq,no,17-05-2007,10,1,INE797H01018,10
THANGAMAYL,Thangamayil Jewellery Limited,eq,no,19-02-2010,10,1,INE085J01014,10
THEINVEST,The Investment Trust Of India Limited,eq,no,02-08-2017,10,1,INE924D01017,10
THEJO,Thejo Engineering Limited,eq,no,10-10-2023,10,1,INE121N01019,10
THELEELA,Leela Palaces Hotels & Resorts Limited,eq,no,02-06-2025,10,1,INE0AQ201015,10
THEMISMED,Themis Medicare Limited,eq,no,02-04-2007,1,1,INE083B01024,1
THERMAX,Thermax Limited,eq,no,30-08-1995,2,1,INE152A01029,2
THOMASCOOK,Thomas Cook  (India)  Limited,eq,no,07-06-2000,1,1,INE332A01027,1
THOMASCOTT,Thomas Scott (India) Limited,eq,no,30-01-2012,10,1,INE480M01011,10
THYROCARE,Thyrocare Technologies Limited,eq,no,09-05-2016,10,1,INE594H01019,10
TI,Tilaknagar Industries Limited,eq,no,16-07-2010,10,1,INE133E01013,10
TICL,Twamev Construction and Infrastructure Limited,eq,no,16-10-2023,1,1,INE388G01026,1
TIGERLOGS,Tiger Logistics (India) Limited,eq,no,18-09-2025,1,1,INE906O01029,1
TIIL,Technocraft Industries (India) Limited,eq,no,12-02-2007,10,1,INE545H01011,10
TIINDIA,Tube Investments of India Limited,eq,yes,02-11-2017,1,1,INE974X01010,1
TIJARIA,Tijaria Polypipes Limited,be,no,14-10-2011,10,1,INE440L01017,10
TIL,TIL Limited,eq,no,27-09-1995,10,1,INE806C01018,10
TIMETECHNO,Time Technoplast Limited,eq,no,13-06-2007,1,1,INE508G01029,1
TIMKEN,Timken India Limited,eq,no,06-02-2007,10,1,INE325A01013,10
TINNARUBR,Tinna Rubber and Infrastructure Limited,eq,no,17-04-2025,10,1,INE015C01016,10
TIPSFILMS,Tips Films Limited,eq,no,06-10-2022,10,1,INE0LQS01015,10
TIPSMUSIC,Tips Music Limited,eq,no,10-11-2000,1,1,INE716B01029,1
TIRUMALCHM,Thirumalai Chemicals Limited,eq,no,14-05-2003,1,1,INE338A01024,1
TIRUPATIFL,Tirupati Forge Limited,be,no,04-08-2020,2,1,INE319Y01024,2
TITAGARH,TITAGARH RAIL SYSTEMS LIMITED,eq,no,21-04-2008,2,1,INE615H01020,2
TITAN,Titan Company Limited,eq,yes,24-09-2004,1,1,INE280A01028,1
TMB,Tamilnad Mercantile Bank Limited,eq,no,15-09-2022,10,1,INE668A01016,10
TMCV,Tata Motors Limited,eq,no,12-11-2025,2,1,INE1TAE01010,2
TMPV,Tata Motors Passenger Vehicles Limited,eq,yes,22-07-1998,2,1,INE155A01022,2
TNPETRO,Tamilnadu PetroProducts Limited,eq,no,27-10-1999,10,1,INE148A01019,10
TNPL,Tamil Nadu Newsprint & Papers Limited,eq,no,14-02-1996,10,1,INE107A01015,10
TNTELE,Tamilnadu Telecommunication Limited,eq,no,04-02-2003,10,1,INE141D01018,10
TOKYOPLAST,Tokyo Plast International Limited,eq,no,11-10-1995,10,1,INE932C01012,10
TOLINS,Tolins Tyres Limited,eq,no,16-09-2024,5,1,INE0RWQ01014,5
TORNTPHARM,Torrent Pharmaceuticals Limited,eq,yes,25-11-2002,5,1,INE685A01028,5
TORNTPOWER,Torrent Power Limited,eq,yes,28-11-2006,10,1,INE813H01021,10
TOTAL,Total Transport Systems Limited,eq,no,28-08-2020,10,1,INE336X01012,10
TOUCHWOOD,Touchwood Entertainment Limited,eq,no,21-01-2020,10,1,INE486Y01013,10
TPHQ,Teamo Productions HQ Limited,eq,no,30-01-2009,1,1,INE065J01024,1
TPLPLASTEH,TPL Plastech Limited,eq,no,20-05-2015,2,1,INE413G01022,2
TRACXN,Tracxn Technologies Limited,eq,no,20-10-2022,1,1,INE0HMF01019,1
TRANSRAILL,Transrail Lighting Limited,eq,no,27-12-2024,2,1,INE454P01035,2
TRANSWORLD,TRANSWORLD SHIPPING LINES LIMITED,eq,no,01-03-1995,10,1,INE757B01015,10
TRAVELFOOD,Travel Food Services Limited,eq,no,14-07-2025,1,1,INE103V01028,1
TREEHOUSE,Tree House Education & Accessories Limited,be,no,26-08-2011,10,1,INE040M01013,10
TREJHARA,TREJHARA SOLUTIONS LIMITED,eq,no,28-12-2018,10,1,INE00CA01015,10
TREL,Transindia Real Estate Limited,eq,no,10-08-2023,2,1,INE0O3901029,2
TRENT,Trent Limited,eq,yes,07-06-2004,1,1,INE849A01020,1
TRF,TRF Limited,eq,no,26-03-2010,10,1,INE391D01019,10
TRIDENT,Trident Limited,eq,no,21-02-2001,1,1,INE064C01022,1
TRIGYN,Trigyn Technologies Limited,eq,no,09-04-1998,10,1,INE948A01012,10
TRITURBINE,Triveni Turbine Limited,eq,no,28-10-2011,1,1,INE152M01016,1
TRIVENI,Triveni Engineering & Industries Limited,eq,no,13-12-2005,1,1,INE256C01024,1
TRU,TruCap Finance Limited,eq,no,20-06-2023,2,1,INE615R01029,2
TRUALT,TruAlt Bioenergy Limited,eq,no,03-10-2025,10,1,INE0MWH01014,10
TSFINV,TSF INVESTMENTS LIMITED,eq,no,26-03-2018,5,1,INE202Z01029,5
TTKHLTCARE,TTK Healthcare Limited,eq,no,02-12-2015,10,1,INE910C01018,10
TTKPRESTIG,TTK Prestige Limited,eq,no,22-12-1999,1,1,INE690A01028,1
TTL,T T Limited,be,no,22-02-2007,1,1,INE592B01024,1
TTML,Tata Teleservices (Maharashtra) Limited,eq,no,20-10-2000,10,1,INE517B01013,10
TVSELECT,TVS Electronics Limited,eq,no,26-12-2003,10,1,INE236G01019,10
TVSHLTD,TVS Holdings Limited,eq,no,23-10-2012,5,1,INE105A01035,5
TVSMOTOR,TVS Motor Company Limited,eq,yes,02-08-2000,1,1,INE494B01023,1
TVSSCS,TVS Supply Chain Solutions Limited,be,no,23-08-2023,1,1,INE395N01027,1
TVSSRICHAK,TVS Srichakra Limited,eq,no,13-02-2007,10,1,INE421C01016,10
TVTODAY,TV Today Network Limited,eq,no,16-01-2004,5,1,INE038F01029,5
TVVISION,TV Vision Limited,eq,no,15-09-2016,10,1,INE871L01013,10
UBL,United Breweries Limited,eq,no,28-07-2008,1,1,INE686F01025,1
UCAL,UCAL LIMITED,eq,no,13-09-1995,10,1,INE139B01016,10
UCOBANK,UCO Bank,eq,no,09-10-2003,10,1,INE691A01018,10
UDS,Updater Services Limited,eq,no,04-10-2023,10,1,INE851I01011,10
UEL,Ujaas Energy Limited,eq,no,16-04-2024,1,1,INE899L01030,1
UFBL,United Foodbrands Limited,eq,no,07-04-2021,5,1,INE382M01027,5
UFLEX,UFLEX Limited,eq,no,23-08-1995,10,1,INE516A01017,10
UFO,UFO Moviez India Limited,eq,no,14-05-2015,10,1,INE527H01019,10
UGARSUGAR,The Ugar Sugar Works Limited,eq,no,23-08-2010,1,1,INE071E01023,1
UGROCAP,Ugro Capital Limited,eq,no,11-08-2021,10,1,INE583D01011,10
UJJIVANSFB,Ujjivan Small Finance Bank Limited,eq,no,12-12-2019,10,1,INE551W01018,10
ULTRACEMCO,UltraTech Cement Limited,eq,yes,24-08-2004,10,1,INE481G01011,10
UMAEXPORTS,Uma Exports Limited,eq,no,07-04-2022,10,1,INE0GIU01018,10
UMESLTD,Usha Martin Education & Solutions Limited,be,no,12-07-2010,1,1,INE240C01028,1
UMIYA-MRO,UMIYA BUILDCON LIMITED,eq,no,01-11-2000,5,1,INE398B01018,5
UNICHEMLAB,Unichem Laboratories Limited,eq,no,07-02-2001,2,1,INE351A01035,2
UNIDT,United Drilling Tools Limited,eq,no,25-09-2020,10,1,INE961D01019,10
UNIECOM,Unicommerce Esolutions Limited,eq,no,13-08-2024,1,1,INE00U401027,1
UNIENTER,Uniphos Enterprises Limited,eq,no,23-01-2004,2,1,INE037A01022,2
UNIINFO,Uniinfo Telecom Services Limited,eq,no,12-01-2022,10,1,INE481Z01011,10
UNIMECH,Unimech Aerospace and Manufacturing Limited,eq,no,31-12-2024,5,1,INE0U3I01011,5
UNIONBANK,Union Bank of India,eq,yes,24-09-2002,10,1,INE692A01016,10
UNIPARTS,Uniparts India Limited,eq,no,12-12-2022,10,1,INE244O01017,10
UNITDSPR,United Spirits Limited,eq,yes,27-09-2001,2,1,INE854D01024,2
UNITECH,Unitech Limited,eq,no,08-09-1999,2,1,INE694A01020,2
UNITEDPOLY,United Polyfab Gujarat Limited,eq,no,31-12-2021,1,1,INE368U01029,1
UNITEDTEA,The United Nilgiri Tea Estates Company Limited,eq,no,28-01-2015,10,1,INE458F01011,10
UNIVASTU,Univastu India Limited,eq,no,22-06-2020,10,1,INE562X01013,10
UNIVCABLES,Universal Cables Limited,eq,no,17-05-1995,10,1,INE279A01012,10
UNIVPHOTO,Universus Photo Imagings Limited,be,no,14-02-2020,10,1,INE03V001013,10
UNOMINDA,UNO Minda Limited,eq,yes,02-02-2007,2,1,INE405E01023,2
UPL,UPL Limited,eq,yes,23-01-2004,2,1,INE628A01036,2
URAVIDEF,Uravi Defence and Technology Limited,eq,no,05-07-2023,10,1,INE568Z01015,10
URBANCO,Urban Company Limited,eq,no,17-09-2025,1,1,INE0CAZ01013,1
URJA,Urja Global Limited,eq,no,28-03-2017,1,1,INE550C01020,1
USHAMART,Usha Martin Limited,eq,no,11-10-2000,1,1,INE228A01035,1
USK,Udayshivakumar Infra Limited,be,no,03-04-2023,10,1,INE0N0Y01013,10
UTIAMC,UTI Asset Management Company Limited,eq,no,12-10-2020,10,1,INE094J01016,10
UTKARSHBNK,Utkarsh Small Finance Bank Limited,eq,no,21-07-2023,10,1,INE735W01017,10
UTLSOLAR,Fujiyama Power Systems Limited,eq,no,20-11-2025,1,1,INE12UR01024,1
UTTAMSUGAR,Uttam Sugar Mills Limited,eq,no,10-04-2006,10,1,INE786F01031,10
UYFINCORP,U. Y. Fincorp Limited,eq,no,03-10-2024,5,1,INE152C01025,5
V2RETAIL,V2 Retail Limited,eq,no,04-07-2007,1,1,INE945H01021,1
VADILALIND,Vadilal Industries Limited,eq,no,15-06-2011,10,1,INE694D01016,10
VAIBHAVGBL,Vaibhav Global Limited,eq,no,05-04-2004,2,1,INE884A01027,2
VAISHALI,Vaishali Pharma Limited,eq,no,15-01-2020,2,1,INE972X01022,2
VAKRANGEE,Vakrangee Limited,eq,no,03-04-2006,1,1,INE051B01021,1
VALIANTLAB,Valiant Laboratories Limited,eq,no,06-10-2023,10,1,INE0JWS01017,10
VALIANTORG,Valiant Organics Limited,eq,no,23-07-2021,10,1,INE565V01010,10
VARDHACRLC,Vardhman Acrylics Limited,eq,no,30-09-2003,10,1,INE116G01013,10
VARDMNPOLY,Vardhman Polytex Limited,be,no,12-05-2003,1,1,INE835A01029,1
VARROC,Varroc Engineering Limited,eq,no,06-07-2018,1,1,INE665L01035,1
VASCONEQ,Vascon Engineers Limited,eq,no,15-02-2010,10,1,INE893I01013,10
VASWANI,Vaswani Industries Limited,eq,no,20-09-2011,10,1,INE590L01019,10
VBL,Varun Beverages Limited,eq,yes,08-11-2016,2,1,INE200M01039,2
VCL,Vaxtex Cotfab Limited,eq,no,19-04-2022,1,1,INE098201036,1
VEDL,Vedanta Limited,eq,yes,13-05-1998,1,1,INE205A01025,1
VEEDOL,Veedol Corporation Limited,eq,no,16-01-2007,2,1,INE484C01030,2
VENKEYS,Venky's (India) Limited,eq,no,28-07-2003,10,1,INE398A01010,10
VENTIVE,Ventive Hospitality Limited,eq,no,30-12-2024,1,1,INE781S01027,1
VENUSPIPES,Venus Pipes & Tubes Limited,eq,no,24-05-2022,10,1,INE0JA001018,10
VENUSREM,Venus Remedies Limited,eq,no,20-12-2006,10,1,INE411B01019,10
VERANDA,Veranda Learning Solutions Limited,eq,no,11-04-2022,10,1,INE0IQ001011,10
VERTOZ,Vertoz Limited,eq,no,14-05-2020,10,1,INE188Y01031,10
VESUVIUS,Vesuvius India Limited,eq,no,04-10-2002,1,1,INE386A01023,1
VETO,Veto Switchgears And Cables Limited,eq,no,29-04-2015,10,1,INE918N01018,10
VGL,VARVEE GLOBAL LIMITED,eq,no,21-11-2006,5,1,INE273D01027,5
VGUARD,V-Guard Industries Limited,eq,no,13-03-2008,1,1,INE951I01027,1
VHL,Vardhman Holdings Limited,eq,no,30-06-2005,10,1,INE701A01023,10
VHLTD,Viceroy Hotels Limited,be,no,03-04-2024,10,1,INE048C01025,10
VIDHIING,Vidhi Specialty Food Ingredients Limited,eq,no,02-03-2016,1,1,INE632C01026,1
VIDYAWIRES,Vidya Wires Limited,eq,no,10-12-2025,1,1,INE14UN01029,1
VIJAYA,Vijaya Diagnostic Centre Limited,eq,no,14-09-2021,1,1,INE043W01024,1
VIJIFIN,Viji Finance Limited,be,no,11-07-2016,1,1,INE159N01027,1
VIKASECO,Vikas EcoTech Limited,eq,no,12-12-2011,1,1,INE806A01020,1
VIKASLIFE,Vikas Lifecare Limited,eq,no,08-05-2019,1,1,INE161L01027,1
VIKRAMSOLR,Vikram Solar Limited,eq,no,26-08-2025,10,1,INE078V01014,10
VIKRAN,Vikran Engineering Limited,eq,no,03-09-2025,1,1,INE01R501028,1
VIMTALABS,Vimta Labs Limited,eq,no,15-12-2005,2,1,INE579C01029,2
VINATIORGA,Vinati Organics Limited,eq,no,28-07-2009,1,1,INE410B01037,1
VINCOFE,Vintage Coffee And Beverages Limited,eq,no,18-10-2024,10,1,INE498Q01014,10
VINDHYATEL,Vindhya Telelinks Limited,eq,no,08-02-1995,10,1,INE707A01012,10
VINEETLAB,Vineet Laboratories Limited,eq,no,15-06-2021,10,1,INE505Y01010,10
VINNY,Vinny Overseas Limited,eq,no,28-11-2022,1,1,INE01KI01027,1
VINYLINDIA,Vinyl Chemicals (India) Limited,eq,no,21-07-2008,1,1,INE250B01029,1
VIPCLOTHNG,VIP Clothing Limited,eq,no,06-08-2007,2,1,INE450G01024,2
VIPIND,VIP Industries Limited,eq,no,02-03-2005,2,1,INE054A01027,2
VIPULLTD,Vipul Limited,be,no,23-04-2015,1,1,INE946H01037,1
VIRINCHI,Virinchi Limited,eq,no,03-05-2023,10,1,INE539B01017,10
VISAKAIND,Visaka Industries Limited,eq,no,28-08-1996,2,1,INE392A01021,2
VISASTEEL,Visa Steel Limited,eq,no,17-03-2006,10,1,INE286H01012,10
VISHNU,Vishnu Chemicals Limited,eq,no,05-03-2015,2,1,INE270I01022,2
VISHWARAJ,Vishwaraj Sugar Industries Limited,eq,no,15-10-2019,2,1,INE430N01022,2
VITAL,Vital Chemtech Limited,eq,no,11-03-2026,10,1,INE0L4K01016,10
VIVIDHA,Visagar Polytex Limited,eq,no,21-05-2013,1,1,INE370E01029,1
VIVIMEDLAB,Vivimed Labs Limited,eq,no,17-08-2005,2,1,INE526G01021,2
VIYASH,Viyash Scientific Limited,eq,no,10-03-2016,2,1,INE807F01027,2
VLEGOV,VL E-Governance & IT Solutions Limited,eq,no,14-08-2023,10,1,INE03HW01020,10
VLSFINANCE,VLS Finance Limited,eq,no,25-05-1995,10,1,INE709A01018,10
VMART,V-Mart Retail Limited,eq,no,20-02-2013,10,1,INE665J01013,10
VMM,Vishal Mega Mart Limited,eq,no,18-12-2024,10,1,INE01EA01019,10
VMSTMT,VMS TMT Limited,eq,no,24-09-2025,10,1,INE0SJA01013,10
VOLTAMP,Voltamp Transformers Limited,eq,no,20-09-2006,10,1,INE540H01012,10
VOLTAS,Voltas Limited,eq,yes,12-04-1995,1,1,INE226A01021,1
VPRPL,Vishnu Prakash R Punglia Limited,eq,no,05-09-2023,10,1,INE0AE001013,10
VRAJ,Vraj Iron and Steel Limited,eq,no,03-07-2024,10,1,INE0S2V01010,10
VRLLOG,VRL Logistics Limited,eq,no,30-04-2015,10,1,INE366I01010,10
VSSL,Vardhman Special Steels Limited,eq,no,17-05-2012,10,1,INE050M01012,10
VSTIND,VST Industries Limited,eq,no,05-09-2003,10,1,INE710A01016,10
VSTL,Vibhor Steel Tubes Limited,eq,no,20-02-2024,10,1,INE0QTF01015,10
VSTTILLERS,V.S.T Tillers Tractors Limited,eq,no,20-06-2011,10,1,INE764D01017,10
VTL,Vardhman Textiles Limited,eq,no,14-01-2003,2,1,INE825A01020,2
WAAREEENER,Waaree Energies Limited,eq,yes,28-10-2024,10,1,INE377N01017,10
WAAREEINDO,Indosolar Limited,eq,no,29-09-2010,10,1,INE866K01023,10
WAAREERTL,Waaree Renewable Technologies Limited,eq,no,09-04-2025,2,1,INE299N01021,2
WABAG,VA Tech Wabag Limited,eq,no,13-10-2010,2,1,INE956G01038,2
WAKEFIT,Wakefit Innovations Limited,eq,no,15-12-2025,1,1,INE0E7301029,1
WALCHANNAG,Walchandnagar Industries Limited,eq,no,18-09-1996,2,1,INE711A01022,2
WANBURY,Wanbury Limited,be,no,29-01-2007,10,1,INE107F01022,10
WCIL,Western Carriers (India) Limited,eq,no,24-09-2024,5,1,INE0CJF01024,5
WEALTH,Wealth First Portfolio Managers Limited,eq,no,20-01-2021,10,1,INE658T01017,10
WEBELSOLAR,Websol Energy System Limited,eq,no,15-05-2007,1,1,INE855C01023,1
WEIZMANIND,Weizmann Limited,eq,no,10-05-1995,10,1,INE080A01014,10
WEL,Wonder Electricals Limited,eq,no,17-01-2022,1,1,INE02WG01024,1
WELCORP,Welspun Corp Limited,eq,no,24-05-2005,5,1,INE191B01025,5
WELENT,Welspun Enterprises Limited,eq,no,04-11-2004,10,1,INE625G01013,10
WELINV,Welspun Investments and Commercials Limited,eq,no,20-09-2010,10,1,INE389K01018,10
WELSPUNLIV,Welspun Living Limited,eq,no,04-12-2003,1,1,INE192B01031,1
WENDT,Wendt (India) Limited,eq,no,07-08-2006,10,1,INE274C01019,10
WESTLIFE,WESTLIFE FOODWORLD LIMITED,eq,no,05-06-2023,2,1,INE274F01020,2
WEWIN,WE WIN LIMITED,eq,no,15-06-2022,10,1,INE082W01014,10
WEWORK,WeWork India Management Limited,eq,no,10-10-2025,10,1,INE085001019,10
WHEELS,Wheels India Limited,eq,no,07-04-2000,10,1,INE715A01015,10
WHIRLPOOL,Whirlpool of India Limited,eq,no,06-04-2010,10,1,INE716A01013,10
WILLAMAGOR,Williamson Magor & Company Limited,eq,no,08-02-1995,10,1,INE210A01017,10
WINDLAS,Windlas Biotech Limited,eq,no,16-08-2021,5,1,INE0H5O01029,5
WINDMACHIN,Windsor Machines Limited,eq,no,17-08-2011,2,1,INE052A01021,2
WINSOME,Winsome Yarns Limited,bz,no,25-08-2011,10,1,INE784B01035,10
WIPL,The Western India Plywoods Limited,eq,no,17-04-2017,10,1,INE215F01023,10
WIPRO,Wipro Limited,eq,yes,08-11-1995,2,1,INE075A01022,2
WOCKPHARMA,Wockhardt Limited,eq,no,23-02-2000,5,1,INE049B01025,5
WONDERLA,Wonderla Holidays Limited,eq,no,09-05-2014,10,1,INE066O01014,10
WORTHPERI,Worth Peripherals Limited,eq,no,04-08-2020,10,1,INE196Y01018,10
WSI,W S Industries (I) Limited,eq,no,01-08-2007,10,1,INE100D01014,10
WSTCSTPAPR,West Coast Paper Mills Limited,eq,no,17-01-2001,2,1,INE976A01021,2
XCHANGING,Xchanging Solutions Limited,eq,no,09-03-2005,10,1,INE692G01013,10
XELPMOC,Xelpmoc Design And Tech Limited,eq,no,04-02-2019,10,1,INE01P501012,10
XPROINDIA,Xpro India Limited,eq,no,27-04-2004,10,1,INE445C01015,10
XTGLOBAL,Xtglobal Infotech Limited,eq,no,16-09-2024,1,1,INE547B01028,1
YASHO,Yasho Industries Limited,eq,no,21-08-2023,10,1,INE616Z01012,10
YATHARTH,Yatharth Hospital & Trauma Care Services Limited,eq,no,07-08-2023,10,1,INE0JO301016,10
YATRA,Yatra Online Limited,eq,no,28-09-2023,1,1,INE0JR601024,1
YESBANK,Yes Bank Limited,eq,yes,12-07-2005,2,1,INE528G01035,2
YUKEN,Yuken India Limited,eq,no,02-09-2021,10,1,INE384C01016,10
ZAGGLE,Zaggle Prepaid Ocean Services Limited,eq,no,22-09-2023,1,1,INE07K301024,1
ZEEL,Zee Entertainment Enterprises Limited,eq,no,09-09-1998,1,1,INE256A01028,1
ZEELEARN,Zee Learn Limited,eq,no,20-12-2010,1,1,INE565L01011,1
ZEEMEDIA,Zee Media Corporation Limited,be,no,10-01-2007,1,1,INE966H01019,1
ZENITHEXPO,Zenith Exports Limited,eq,no,10-07-1996,10,1,INE058B01018,10
ZENITHSTL,Zenith Steel Pipes & Industries Limited,eq,no,30-04-2007,10,1,INE318D01020,10
ZENSARTECH,Zensar Technologies Limited,eq,no,09-07-2003,2,1,INE520A01027,2
ZENTEC,Zen Technologies Limited,eq,no,30-03-2015,1,1,INE251B01027,1
ZFCVINDIA,ZF Commercial Vehicle Control Systems India Limited,eq,no,01-10-2008,5,1,INE342J01019,5
ZIMLAB,Zim Laboratories Limited,eq,no,25-11-2022,10,1,INE518E01015,10
ZODIAC,Zodiac Energy Limited,eq,no,14-12-2021,10,1,INE761Y01019,10
ZODIACLOTH,Zodiac Clothing Company Limited,eq,no,27-09-1995,10,1,INE206B01013,10
ZOTA,Zota Health Care LImited,eq,no,19-08-2019,10,1,INE358U01012,10
ZUARI,Zuari Agro Chemicals Limited,eq,no,27-11-2012,10,1,INE840M01016,10
ZUARIIND,ZUARI INDUSTRIES LIMITED,eq,no,12-04-1995,10,1,INE217A01012,10
ZYDUSLIFE,Zydus Lifesciences Limited,eq,yes,18-04-2000,1,1,INE010B01027,1
ZYDUSWELL,Zydus Wellness Limited,eq,no,13-11-2009,2,1,INE768C01028,2
VIVIDEL,Vivid Electromech Limited,st,no,07-04-2026,10,1,INE24H301028,10
SUNREST-RE,Sunrest Lifescience Ltd-RE,st,no,02-04-2026,10,1,INE0PLZ20012,10
APSISAERO,Apsis Aerocom Limited,sm,no,18-03-2026,10,1,INE1OOJ01011,10
SPCON,Srinibas Pradhan Constructions Limited,sm,no,13-03-2026,10,1,INE0TPJ01019,10
ACETEC,Acetech E-Commerce Limited,sm,no,09-03-2026,10,1,INE1J6M01010,10
STRIDERS,Striders Impex Limited,sm,no,06-03-2026,10,1,INE1XWN01017,10
YAAP,Yaap Digital Limited,sm,no,05-03-2026,10,1,INE0U0J01015,10
MOBILISE,Mobilise App Lab Limited,sm,no,02-03-2026,10,1,INE1YNB01019,10
MANILAM,Manilam Industries India Limited,sm,no,27-02-2026,10,1,INE1ERK01013,10
MARUSHIKA,Marushika Technology Limited,sm,no,19-02-2026,10,1,INE0X7G01013,10
BIOPOL,Biopol Chemicals Limited,sm,no,13-02-2026,10,1,INE0XW001014,10
GJL,Grover Jewells Limited,st,no,11-02-2026,10,1,INE1TY801010,10
BRANDMAN,Brandman Retail Limited,sm,no,11-02-2026,10,1,INE0XUD01014,10
CKKRETAIL,C K K Retail Mart Limited,st,no,06-02-2026,10,1,INE0SMX01019,10
KRMAYURVED,KRM Ayurveda Limited,sm,no,29-01-2026,10,1,INE1MTV01019,10
ARMOUR,Armour Security (India) Limited,sm,no,22-01-2026,10,1,INE0TZX01019,10
AVANA,Avana Electrosystems Limited,sm,no,20-01-2026,10,1,INE1KU201016,10
VICTORYEV,Victory Electric Vehicles International Limited,sm,no,14-01-2026,5,1,INE0F8901022,5
E2ERAIL,E To E Transportation Infrastructure Limited,sm,no,02-01-2026,10,1,INE1CEJ01017,10
DHARARAIL,Dhara Rail Projects Limited,sm,no,31-12-2025,10,1,INE2HJL01019,10
SHYAMDHANI,Shyam Dhani Industries Limited,sm,no,30-12-2025,10,1,INE1CRP01016,10
EPWINDIA,EPW India Limited,sm,no,30-12-2025,5,1,INE1KEC01023,5
SOCL,Sundrex Oil Company Limited,sm,no,30-12-2025,10,1,INE0CTB01014,10
MARC,Marc Technocrats Limited,st,no,24-12-2025,10,1,INE0TD401015,10
ASHWINI,Ashwini Container Movers Limited,sm,no,19-12-2025,10,1,INE1A6Q01010,10
EXIMROUTES,Exim Routes Limited,sm,no,19-12-2025,5,1,INE19I001020,5
FWSTC,Flywings Simulator Training Centre Limited,sm,no,12-12-2025,10,1,INE0SQZ01015,10
ENCOMPAS,Encompass Design India Limited,sm,no,12-12-2025,10,1,INE433T01015,10
SHRIKANHA,Shri Kanha Stainless Limited,sm,no,10-12-2025,10,1,INE1V4601019,10
NEOCHEM,Neochem Bio Solutions Limited,sm,no,09-12-2025,10,1,INE21UM01018,10
SPEB,Speb Adhesives Limited,sm,no,08-12-2025,10,1,INE1CW901027,10
INVICTA,Invicta Diagnostic Limited,sm,no,08-12-2025,10,1,INE0XJ501010,10
CSSL,Clear Secured Services Limited,sm,no,08-12-2025,10,1,INE1EF801010,10
CURIS,Curis Lifesciences Limited,sm,no,14-11-2025,10,1,INE1BZN01016,10
FINBUD,Finbud Financial Services Limited,sm,no,13-11-2025,10,1,INE0EDU01014,10
SHETHJI,Shreeji Global FMCG Limited,sm,no,12-11-2025,10,1,INE1FL101016,10
JAYESH,Jayesh Logistics Limited,sm,no,03-11-2025,10,1,INE1AE401014,10
GREENLEAF,Greenleaf Envirotech Limited,sm,no,09-10-2025,10,1,INE0PLX01017,10
MUNISH,Munish Forge Limited,sm,no,08-10-2025,10,1,INE1K8Y01018,10
SHEEL,Sheel Biotech Limited,sm,no,08-10-2025,10,1,INE0YJV01017,10
BAGDIGITAL,B.A.G. Convergence Limited,sm,no,08-10-2025,10,1,INE17CQ01015,10
VIJAYPD,Vijaypd Ceutical Limited,st,no,07-10-2025,10,1,INE0WL901019,10
SUBAHOTELS,Suba Hotels Limited,sm,no,07-10-2025,10,1,INE0RYR01018,10
MPEL,Manas Polymers and Energies Limited,sm,no,06-10-2025,10,1,INE0U4H01011,10
GURUNANAK,Gurunanak Agriculture India Limited,sm,no,01-10-2025,10,1,INE1CCX01012,10
ECOLINE,Ecoline Exim Limited,sm,no,30-09-2025,10,1,INE0VBS01016,10
MGSL,Matrix Geo Solutions Limited,sm,no,30-09-2025,10,1,INE132901013,10
PRIMECAB,Prime Cable Industries Limited,sm,no,29-09-2025,5,1,INE0CQA01020,5
SIDDHICOTS,Siddhi Cotspin Limited,st,no,26-09-2025,10,1,INE0SVO01019,10
TECHD,TechD Cybersecurity Limited,sm,no,22-09-2025,10,1,INE0Y5H01014,10
GML,Galaxy Medicare Limited,st,no,17-09-2025,10,1,INE09A801015,10
TAURIAN,Taurian MPS Limited,sm,no,16-09-2025,10,1,INE0XWS01018,10
VIGOR,Vigor Plast India Limited,sm,no,12-09-2025,10,1,INE1DM601016,10
OPTIVALUE,Optivalue Tek Consulting Limited,sm,no,10-09-2025,10,1,INE15B101011,10
SNEHAA,Snehaa Organics Limited,sm,no,05-09-2025,10,1,INE1OIC01018,10
SATTVAENGG,Sattva Engineering Construction Limited,sm,no,03-09-2025,10,1,INE14DW01018,10
CURRENT,Current Infraprojects Limited,sm,no,03-09-2025,10,1,INE1CRQ01014,10
CLASSICEIL,Classic Electrodes (India) Limited,sm,no,01-09-2025,10,1,INE0UQ601012,10
SHIVASHRIT,Shivashrit Foods Limited,sm,no,01-09-2025,10,1,INE1DLF01018,10
ANONDITA,Anondita Medicare Limited,sm,no,01-09-2025,10,1,INE0VTV01012,10
ARCIIL,ARC Insulation & Insulators Limited,sm,no,29-08-2025,10,1,INE0YDV01010,10
STUDIOLSD,Studio LSD Limited,st,no,25-08-2025,2,1,INE17VO01028,2
MRIL,Mahendra Realtors & Infrastructure Limited,sm,no,20-08-2025,10,1,INE632Q01018,10
AMCL,ANB Metal Cast Limited,sm,no,18-08-2025,10,1,INE0VG001016,10
MEDISTEP,Medistep Healthcare Limited,st,no,18-08-2025,10,1,INE0UOY01019,10
CONNPLEX,Connplex Cinemas Limited,sm,no,14-08-2025,10,1,INE0EAS01014,10
SAWALIYA,Sawaliya Food Products Limited,sm,no,14-08-2025,10,1,INE10VS01016,10
AARADHYA,Aaradhya Disposal Industries Limited,sm,no,11-08-2025,10,1,INE124401014,10
PARTH,Parth Electricals & Engineering Limited,st,no,11-08-2025,10,1,INE1H7V01011,10
JYOTIGLOBL,Jyoti Global Plast Limited,st,no,11-08-2025,10,1,INE1M3T01017,10
BHADORA,Bhadora Industries Limited,sm,no,11-08-2025,10,1,INE0ZRC01017,10
FLYSBS,FlySBS Aviation Limited,sm,no,08-08-2025,10,1,INE0VCK01011,10
CUDML,Cash Ur Drive Marketing Limited,sm,no,07-08-2025,10,1,INE0WL201014,10
RNPL,Renol Polychem Limited,sm,no,07-08-2025,10,1,INE0VZX01015,10
KAYTEX,Kaytex Fabrics Limited,sm,no,05-08-2025,10,1,INE13ZD01013,10
SELLOWRAP,Sellowrap Industries Limited,sm,no,01-08-2025,10,1,INE0IJF01013,10
TSC,TSC India Limited,sm,no,30-07-2025,10,1,INE16VK01010,10
SAVY,Savy Infra and Logistics Limited,sm,no,28-07-2025,10,1,INE0UCN01017,10
SPUNWEB,Spunweb Nonwoven Limited,sm,no,21-07-2025,10,1,INE19QH01010,10
SMARTEN,Smarten Power Systems Limited,sm,no,14-07-2025,10,1,INE14GK01016,10
WHITEFORCE,Happy Square Outsourcing Services Limited,sm,no,10-07-2025,10,1,INE0TLP01015,10
ETL,Emkay Tools Limited,sm,no,08-07-2025,1,1,INE0PXC01024,1
CEDAAR,Cedaar Textile Limited,sm,no,07-07-2025,10,1,INE11J101017,10
PUSHPA,Pushpa Jewellers Limited,sm,no,07-07-2025,10,1,INE154801018,10
SILKY,Silky Overseas Limited,sm,no,07-07-2025,10,1,INE0SN801015,10
PROFX,Pro FX Tech Limited,sm,no,03-07-2025,10,1,INE0VJT01017,10
MMEL,Moving Media Entertainment Limited,sm,no,03-07-2025,10,1,INE0XM301010,10
RTL,Rama Telecom Limited,st,no,02-07-2025,10,1,INE14W901010,10
SUNTECH,Suntech Infra Solutions Limited,sm,no,02-07-2025,10,1,INE0SGZ01016,10
SHKSIL,Shri Hare-Krishna Sponge Iron Limited,sm,no,01-07-2025,10,1,INE0NON01025,10
AAKAAR,Aakaar Medical Technologies Limited,st,no,27-06-2025,10,1,INE1GYP01013,10
MAYASHEEL,Mayasheel Ventures Limited,sm,no,27-06-2025,10,1,INE0ZTO01018,10
SAFEENTP,Safe Enterprises Retail Fixtures Limited,sm,no,27-06-2025,5,1,INE17D601016,5
INFLUX,Influx Healthtech Limited,sm,no,25-06-2025,10,1,INE0MYZ01012,10
EEPL,Eppeltone Engineers Limited,sm,no,24-06-2025,10,1,INE11HF01010,10
SAMAY,Samay Project Services Limited,sm,no,23-06-2025,10,1,INE124101010,10
PATILAUTOM,Patil Automation Limited,sm,no,23-06-2025,10,1,INE17GV01016,10
MONOLITH,Monolithisch India Limited,sm,no,19-06-2025,10,1,INE1DV401010,10
JAINIK,Jainik Power Cables Limited,sm,no,17-06-2025,10,1,INE0XIL01012,10
SACHEEROME,Sacheerome Limited,sm,no,16-06-2025,10,1,INE1ARD01016,10
GANGABATH,Ganga Bath Fittings Limited,sm,no,11-06-2025,10,1,INE0ZI101018,10
NRVANDANA,N R Vandana Tex Industries Limited,sm,no,04-06-2025,10,1,INE104101014,10
NEPTUNE,Neptune Petrochemicals Limited,st,no,04-06-2025,10,1,INE156901014,10
NIKITA,NIKITA GREENTECH RECYCLING LIMITED,sm,no,03-06-2025,10,1,INE0FLF01015,10
BLUEWATER,Blue Water Logistics Limited,sm,no,03-06-2025,10,1,INE0X3M01010,10
DCCL,Dar Credit & Capital Limited,sm,no,28-05-2025,10,1,INE04Q901010,10
ACCPL,Accretion Pharmaceuticals Limited,sm,no,21-05-2025,10,1,INE0T8T01010,10
INTEGRITY,Integrity Infrabuild Developers Limited,sm,no,20-05-2025,10,1,INE0YSH01017,10
VGINFOTECH,Virtual Galaxy Infotech Limited,sm,no,19-05-2025,10,1,INE0VRH01015,10
ARUNAYA,Arunaya Organics Limited,sm,no,07-05-2025,10,1,INE0TTG01017,10
IWARE,Iware Supplychain Services Limited,st,no,06-05-2025,10,1,INE1AII01014,10
TANKUP,Tankup Engineers Limited,sm,no,30-04-2025,10,1,INE0Z7N01017,10
SHRIAHIMSA,Shri Ahimsa Naturals Limited,sm,no,02-04-2025,10,1,INE0DM401012,10
ATCENERGY,ATC Energies System Limited,sm,no,02-04-2025,10,1,INE0V0Q01019,10
RAPIDFLEET,Rapid Fleet Management Services Limited,sm,no,28-03-2025,10,1,INE0QX901013,10
ACTIVEINFR,Active Infrastructures Limited,sm,no,28-03-2025,5,1,INE0KLO01025,5
GCHOTELS,Grand Continent Hotels Limited,sm,no,27-03-2025,10,1,INE12E301017,10
DIVINEHIRA,Divine Hira Jewellers Limited,st,no,24-03-2025,10,1,INE0NA501011,10
BALAJIPHOS,Balaji Phosphates Limited,sm,no,07-03-2025,10,1,INE0PQ601019,10
HPTL,HP Telecom India Limited,sm,no,28-02-2025,10,1,INE0VA601019,10
TEJASCARGO,Tejas Cargo India Limited,sm,no,24-02-2025,10,1,INE17WC01013,10
ROYALARC,Royal Arc Electrodes Limited,sm,no,24-02-2025,10,1,INE0EO401019,10
VOLERCAR,Voler Car Limited,sm,no,19-02-2025,10,1,INE241X01014,10
MAXVOLT,Maxvolt Energy Industries Limited,sm,no,19-02-2025,10,1,INE10A501018,10
PSRAJ,P S Raj Steels Limited,sm,no,19-02-2025,10,1,INE0XUS01012,10
CHANDAN,Chandan Healthcare Limited,sm,no,17-02-2025,10,1,INE0B2N01016,10
ELGNZ,Eleganz Interiors Limited,sm,no,14-02-2025,10,1,INE0R9101015,10
READYMIX,Readymix Construction Machinery Limited,sm,no,13-02-2025,10,1,INE10QL01011,10
KEN,Ken Enterprises Limited,sm,no,12-02-2025,10,1,INE15DO01012,10
CHAMUNDA,Chamunda Electrical Limited,sm,no,11-02-2025,10,1,INE11HG01018,10
REXPRO,Rexpro Enterprises Limited,sm,no,29-01-2025,10,1,INE113601012,10
EMAPARTNER,EMA Partners India Limited,sm,no,24-01-2025,5,1,INE0ZOL01023,5
KKJEWELS,Kabra Jewels Limited,sm,no,22-01-2025,10,1,INE0XOW01017,10
BARFLEX,Barflex Polyfilms Limited,sm,no,20-01-2025,10,1,INE0QX401014,10
SATKARTAR,Sat Kartar Shopping Limited,sm,no,17-01-2025,10,1,INE0NB801022,10
DELTIC,Delta Autocorp Limited,sm,no,14-01-2025,10,1,INE0XRN01019,10
ANYA,Anya Polytech & Fertilizers Limited,sm,no,02-01-2025,2,1,INE0SI601032,2
NMSTEEL,Newmalayalam Steel Limited,sm,no,27-12-2024,10,1,INE0TP801012,10
IDENTICAL,Identical Brains Studios Limited,st,no,26-12-2024,10,1,INE0TD101011,10
SFML,Supreme Facility Management Limited,sm,no,18-12-2024,10,1,INE0U6N01014,10
PURPLEUTED,Purple United Sales Limited,sm,no,18-12-2024,10,1,INE0P5R01014,10
DHANLAXMI,Dhanlaxmi Crop Science Limited,sm,no,16-12-2024,10,1,INE0V9V01010,10
ETML,Emerald Tyre Manufacturers Limited,sm,no,12-12-2024,10,1,INE0RHD01013,10
GANESHIN,Ganesh Infraworld Limited,sm,no,06-12-2024,5,1,INE0TVT01024,5
AGARWALTUF,Agarwal Toughened Glass India Limited,sm,no,05-12-2024,10,1,INE0P8X01016,10
APEXECO,Apex Ecotech Limited,sm,no,04-12-2024,10,1,INE0T4V01015,10
ABHAPOWER,Abha Power and Steel Limited,sm,no,04-12-2024,10,1,INE0UYG01015,10
RAJPUTANA,Rajputana Biodiesel Limited,sm,no,03-12-2024,10,1,INE0VHU01019,10
C2C,C2C Advanced Systems Limited,sm,no,03-12-2024,10,1,INE0U7V01015,10
ITTL,Innovative Tyres & Tubes Limited,st,no,02-12-2024,10,1,INE070Y01023,10
LAMOSAIC,Lamosaic India Limited,sm,no,29-11-2024,10,1,INE0R0201012,10
ONYX,Onyx Biotec Limited,sm,no,22-11-2024,10,1,INE0WVU01018,10
NEELAM,Neelam Linens and Garments (India) Limited,sm,no,18-11-2024,10,1,INE0N1401016,10
USHAFIN,Usha Financial Services Limited,sm,no,31-10-2024,10,1,INE0LS001014,10
UHTL,United Heat Transfer Limited,sm,no,29-10-2024,10,1,INE0SMR01011,10
DANISH,Danish Power Limited,sm,no,29-10-2024,10,1,INE0YU901016,10
OBSCP,OBSC Perfection Limited,sm,no,29-10-2024,10,1,INE0YHV01011,10
PREMIUM,Premium Plast Limited,sm,no,28-10-2024,10,1,INE0M1F01011,10
FRESHARA,Freshara Agro Exports Limited,st,no,24-10-2024,10,1,INE0SFW01015,10
LAKSHYA,Lakshya Powertech Limited,sm,no,23-10-2024,10,1,INE0VZS01015,10
PRANIK,Pranik Logistics Limited,sm,no,17-10-2024,10,1,INE0VJG01014,10
PARAMOUNT,Paramount Dye Tec Limited,sm,no,08-10-2024,10,1,INE0TG801013,10
SAJHOTELS,Saj Hotels Limited,sm,no,07-10-2024,10,1,INE00MT01022,10
HVAX,HVAX Technologies Limited,sm,no,07-10-2024,10,1,INE0TO501019,10
DIVYADHAN,Divyadhan Recycling Industries Limited,sm,no,04-10-2024,10,1,INE0QYI01019,10
FORGEAUTO,Forge Auto International Limited,sm,no,04-10-2024,10,1,INE0YKW01013,10
SAHASRA,Sahasra Electronic Solutions Limited,sm,no,04-10-2024,10,1,INE0RBQ01018,10
TECHERA,TechEra Engineering (India) Limited,sm,no,03-10-2024,10,1,INE0JQS01019,10
UNILEX,Unilex Colours and Chemicals Limited,sm,no,03-10-2024,10,1,INE0B2801011,10
THESL,Thinking Hats Entertainment Solutions Limited,sm,no,03-10-2024,10,1,INE0SHE01019,10
WOL3D,Wol 3D India Limited,sm,no,30-09-2024,10,1,INE0OO201011,10
RAPPID,Rappid Valves (India) Limited,sm,no,30-09-2024,10,1,INE0MVO01012,10
AVIANSH,Avi Ansh Textile Limited,sm,no,27-09-2024,10,1,INE0TFB01017,10
SDREAMS,S D Retail Limited,sm,no,27-09-2024,10,1,INE0X6F01017,10
BIKEWO,Bikewo Green Tech Limited,sm,no,27-09-2024,10,1,INE0SQH01013,10
PHOGLOBAL,Phoenix Overseas Limited,sm,no,27-09-2024,10,1,INE0FPO01018,10
KALANA,Kalana Ispat Limited,st,no,26-09-2024,10,1,INE0T0L01014,10
PSFL,Paramount Speciality Forgings Limited,sm,no,25-09-2024,10,1,INE0Q6001012,10
DECCANTRAN,Deccan Transcon Leasing Limited,sm,no,24-09-2024,10,1,INE0S7C01019,10
PELATRO,Pelatro Limited,sm,no,24-09-2024,10,1,INE0VG601013,10
ENVIRO,Envirotech Systems Limited,sm,no,24-09-2024,10,1,INE0SUH01015,10
OSELDEVICE,Osel Devices Limited,sm,no,24-09-2024,10,1,INE0RMF01018,10
EXCELLENT,Excellent Wires and Packaging Limited,st,no,19-09-2024,10,1,INE0Y4801011,10
INNOMET,Innomet Advanced Materials Limited,sm,no,18-09-2024,10,1,INE0S1D01010,10
SPPPOLY,SPP Polymer Limited,sm,no,17-09-2024,10,1,INE0QR801013,10
AUSL,Aditya Ultra Steel Limited,sm,no,16-09-2024,10,1,INE01YQ01013,10
GAJANAND,Gajanand International Limited,sm,no,16-09-2024,10,1,INE0QTE01018,10
SHUBHSHREE,Shubhshree Biofuels Energy Limited,sm,no,16-09-2024,10,1,INE0UL701015,10
VIESL,Vision Infra Equipment Solutions Limited,sm,no,13-09-2024,10,1,INE0TR001017,10
MYMUDRA,My Mudra Fincorp Limited,sm,no,12-09-2024,10,1,INE0RVQ01016,10
NAMOEWASTE,Namo eWaste Management Limited,sm,no,11-09-2024,10,1,INE08NZ01012,10
JEYYAM,Jeyyam Global Foods Limited,sm,no,09-09-2024,5,1,INE0RXB01022,5
BOSS,Boss Packaging Solutions Limited,sm,no,06-09-2024,10,1,INE0QNI01012,10
PARAMATRIX,Paramatrix Technologies Limited,sm,no,04-09-2024,10,1,INE0S2W01018,10
AERON,Aeron Composite Limited,sm,no,04-09-2024,10,1,INE0WL801011,10
IPHL,Indian Phosphate Limited,sm,no,03-09-2024,10,1,INE0DHF01018,10
JAYBEE,Jay Bee Laminations Limited,st,no,03-09-2024,10,1,INE0SMY01017,10
VDEAL,Vdeal System Limited,sm,no,03-09-2024,10,1,INE0U2M01015,10
IDEALTECHO,Ideal Technoplast Industries Limited,sm,no,28-08-2024,10,1,INE0T9I01011,10
QVCEL,QVC Exports Limited,sm,no,28-08-2024,10,1,INE0KZF01015,10
FORCAS,Forcas Studio Limited,sm,no,26-08-2024,10,1,INE0U2501017,10
BRACEPORT,Brace Port Logistics Limited,sm,no,26-08-2024,10,1,INE0R4Z01018,10
BALCO,Solve Plastic Products Limited,sm,no,21-08-2024,10,1,INE0U0201016,10
SUNLITE,Sunlite Recycling Industries Limited,sm,no,20-08-2024,10,1,INE0U2N01013,10
POSITRON,Positron Energy Limited,sm,no,20-08-2024,10,1,INE0S3H01017,10
AESTHETIK,Aesthetik Engineers Limited,sm,no,16-08-2024,10,1,INE0TSF01011,10
PPSL,Picturepost Studios Limited,sm,no,09-08-2024,1,1,INE0YAL01017,1
DHARIWAL,Dhariwalcorp Limited,st,no,08-08-2024,2,1,INE0YRN01025,2
UTSSAV,Utssav CZ Gold Jewels Limited,sm,no,07-08-2024,10,1,INE06IJ01010,10
RAJINDLTD,Rajputana Industries Limited,sm,no,06-08-2024,10,1,INE0PCU01012,10
SSEGL,Sathlokhar Synergys E&C Global Limited,sm,no,06-08-2024,10,1,INE0RFP01011,10
ASHALOG,Ashapura Logistics Limited,sm,no,06-08-2024,10,1,INE0LAA01017,10
BULKCORP,Bulkcorp International Limited,sm,no,06-08-2024,10,1,INE0SZ301012,10
SATECH,S A Tech Software India Limited,sm,no,02-08-2024,10,1,INE0BSN01013,10
ESPRIT,Esprit Stones Limited,sm,no,02-08-2024,10,1,INE0SBP01018,10
TROM,Trom Industries Limited,sm,no,01-08-2024,10,1,INE0SYV01018,10
APRAMEYA,Aprameya Engineering Limited,sm,no,01-08-2024,10,1,INE0LQG01010,10
CHETANA,Chetana Education Limited,sm,no,31-07-2024,10,1,INE0U1T01012,10
MIEL,Manglam Infra & Engineering Limited,sm,no,31-07-2024,10,1,INE0R3101011,10
VLINFRA,V.L.Infraprojects Limited,sm,no,30-07-2024,10,1,INE0QXL01015,10
RNFI,RNFI Services Limited,sm,no,29-07-2024,10,1,INE0SA001017,10
KATARIA,Kataria Industries Limited,sm,no,24-07-2024,10,1,INE0SVY01018,10
MACOBSTECH,Macobs Technologies Limited,sm,no,24-07-2024,10,1,INE0R0J01010,10
TUNWAL,Tunwal E-Motors Limited,sm,no,23-07-2024,2,1,INE0OXV01027,2
PRIZOR,Prizor Viztech Limited,st,no,22-07-2024,10,1,INE0V9N01017,10
SATIPOLY,Sati Poly Plast Limited,sm,no,22-07-2024,10,1,INE0RPM01017,10
SAHAJSOLAR,Sahaj Solar Limited,sm,no,19-07-2024,10,1,INE0P4701011,10
GGBL,Ganesh Green Bharat Limited,sm,no,12-07-2024,10,1,INE0R8C01018,10
EFFWA,Effwa Infra & Research Limited,sm,no,12-07-2024,10,1,INE0U9101019,10
AMBEY,Ambey Laboratories Limited,sm,no,11-07-2024,10,1,INE0M3I01029,10
NEPHROCARE,Nephro Care India Limited,sm,no,05-07-2024,10,1,INE0SUN01013,10
DTL,Diensten Tech Limited,sm,no,03-07-2024,10,1,INE0JRD01019,10
AKIKO,Akiko Global Services Limited,st,no,02-07-2024,10,1,INE0PMR01017,10
PCCL,Petro Carbon and Chemicals Limited,sm,no,02-07-2024,10,1,INE998U01015,10
DPEL,Divine Power Energy Limited,sm,no,02-07-2024,10,1,INE0SCO01019,10
SPCL,Shivalic Power Control Limited,sm,no,01-07-2024,10,1,INE0T7B01010,10
VISAMAN,Visaman Global Sales Limited,st,no,01-07-2024,10,1,INE0BHK01012,10
MASON,Mason Infratech Limited,sm,no,01-07-2024,10,1,INE0SH001010,10
SYLVANPLY,Sylvan Plyboard (India) Limited,sm,no,01-07-2024,10,1,INE01IH01015,10
MEDIORG,Medicamen Organics Limited,sm,no,28-06-2024,10,1,INE0PE401018,10
WINNY,Winny Immigration & Education Services Limited,sm,no,27-06-2024,10,1,INE0S9101013,10
DURLAX,Durlax Top Surface Limited,sm,no,26-06-2024,10,1,INE0OUW01013,10
FALCONTECH,Falcon Technoprojects India Limited,sm,no,26-06-2024,10,1,INE0PQK01013,10
GPECO,GP Eco Solutions India Limited,sm,no,24-06-2024,10,1,INE0S7E01015,10
TBI,TBI Corn Limited,sm,no,07-06-2024,10,1,INE0N2D01013,10
AIMTRON,Aimtron Electronics Limited,sm,no,06-06-2024,10,1,INE0RUV01018,10
ZTECH,Z-Tech (India) Limited,sm,no,05-06-2024,10,1,INE0ISZ01012,10
BEACON,Beacon Trusteeship Limited,sm,no,04-06-2024,10,1,INE639X01027,10
VILAS,Vilas Transcore Limited,sm,no,03-06-2024,10,1,INE0AZY01017,10
GSMFOILS,GSM Foils Limited,sm,no,31-05-2024,10,1,INE0SQY01018,10
HOACFOODS,Hoac Foods India Limited,sm,no,24-05-2024,10,1,INE0S6S01017,10
RULKA,Rulka Electricals Limited,sm,no,24-05-2024,10,1,INE0R7301013,10
QUESTLAB,Quest Laboratories Limited,st,no,23-05-2024,10,1,INE0TNW01017,10
IEML,Indian Emulsifiers Limited,sm,no,22-05-2024,10,1,INE0RRU01016,10
VERITAAS,Veritaas Advertising Limited,sm,no,21-05-2024,10,1,INE0SRI01019,10
ABSMARINE,ABS Marine Services Limited,sm,no,21-05-2024,10,1,INE0QRV01016,10
MANDEEP,Mandeep Auto Industries Limited,sm,no,21-05-2024,10,1,INE0R3T01013,10
PRLIND,Premier Roadlines Limited,sm,no,17-05-2024,10,1,INE0CFG01012,10
EMMIL,Energy Mission Machineries (India) Limited,sm,no,16-05-2024,10,1,INE0S1L01013,10
SILKFLEX,Silkflex Polymers (India) Limited,st,no,15-05-2024,10,1,INE0STN01015,10
WINSOL,Winsol Engineers Limited,sm,no,14-05-2024,10,1,INE0S3D01016,10
REFRACTORY,Refractory Shapes Limited,sm,no,14-05-2024,10,1,INE0TNX01015,10
SLONE,Slone Infosystems Limited,sm,no,10-05-2024,10,1,INE0SMA01017,10
BIRDYS,Grill Splendour Services Limited,sm,no,23-04-2024,10,1,INE0PC901019,10
RBS,Ramdevbaba Solvent Limited,sm,no,23-04-2024,10,1,INE0RJH01010,10
TGL,Teerth Gopicon Limited,st,no,16-04-2024,10,1,INE0K6601012,10
DCG,DCG Cables & Wires Limited,sm,no,16-04-2024,10,1,INE0S8401018,10
DRSCARGO,DRS Cargo Movers Limited,sm,no,10-04-2024,10,1,INE0QZM01018,10
CGRAPHICS,Creative Graphics Solutions India Limited,sm,no,09-04-2024,10,1,INE0R7401011,10
ALUWIND,ALUWIND INFRA-TECH LIMITED,sm,no,09-04-2024,10,1,INE0STM01017,10
YASHOPTICS,Yash Optics & Lens Limited,sm,no,08-04-2024,10,1,INE0TO601017,10
K2INFRA,K2 Infragen Limited,sm,no,08-04-2024,10,1,INE0DEZ01013,10
TAC,TAC Infosec Limited,sm,no,05-04-2024,10,1,INE0SOY01013,10
RADIOWALLA,Radiowalla Network Limited,sm,no,05-04-2024,10,1,INE430U01019,10
TRUST,Trust Fintech Limited,sm,no,04-04-2024,10,1,INE0SWN01019,10
ASPIRE,Aspire & Innovative Advertising Limited,sm,no,03-04-2024,10,1,INE0S7801010,10
BLUEPEBBLE,Blue Pebble Limited,st,no,03-04-2024,10,1,INE0SAK01011,10
NAMAN,Naman Industries Proxima Limited,sm,no,02-04-2024,10,1,INE0RJM01010,10
VISHWAS,Vishwas Agri Seeds Limited,sm,no,01-04-2024,10,1,INE0S2E01016,10
ENFUSE,Enfuse Solutions Limited,sm,no,22-03-2024,10,1,INE0S3X01014,10
ENSER,Enser Communications Limited,st,no,22-03-2024,2,1,INE0R9I01021,2
AVPINFRA,AVP Infracon Limited,sm,no,20-03-2024,10,1,INE0R9401019,10
SIGNORIA,Signoria Creation Limited,sm,no,19-03-2024,10,1,INE0RDE01010,10
PRATHAM,Pratham EPC Projects Limited,sm,no,18-03-2024,10,1,INE0QA601016,10
SHREEKARNI,Shree Karni Fabcom Limited,sm,no,14-03-2024,10,1,INE0S4Y01010,10
SONAMAC,Sona Machinery Limited,sm,no,13-03-2024,10,1,INE0Q6H01012,10
VR,V R Infraspace Limited,sm,no,12-03-2024,10,1,INE0QQM01017,10
MVKAGRO,M.V.K. Agro Food Product Limited,sm,no,07-03-2024,10,1,INE0SGC01015,10
PURVFLEXI,Purv Flexipack Limited,sm,no,05-03-2024,10,1,INE0R6C01012,10
OWAIS,Owais Metal And Mineral Processing Limited,sm,no,04-03-2024,10,1,INE0R8M01017,10
SADHAV,Sadhav Shipping Limited,sm,no,01-03-2024,10,1,INE0K5H01010,10
ZENITHDRUG,Zenith Drugs Limited,sm,no,27-02-2024,10,1,INE0QWN01013,10
DEEM,Deem Roll Tech Limited,sm,no,27-02-2024,10,1,INE586O01011,10
INM,Interiors & More Limited,sm,no,23-02-2024,10,1,INE0OPC01015,10
ESCONET,Esconet Technologies Limited,st,no,23-02-2024,10,1,INE0RQZ01017,10
TCL,Thaai Casting Limited,sm,no,23-02-2024,10,1,INE0QJL01014,10
ATMASTCO,Atmastco Limited,sm,no,23-02-2024,10,1,INE05DH01017,10
WTICAB,Wise Travel India Limited,sm,no,19-02-2024,10,1,INE623Y01011,10
POLYSIL,Polysil Irrigation Systems Limited,st,no,16-02-2024,10,1,INE517M01028,10
ALPEXSOLAR,Alpex Solar Limited,sm,no,15-02-2024,10,1,INE0R4701017,10
ITALIANE,Italian Edibles Limited,st,no,12-02-2024,10,1,INE0R7R01018,10
BAWEJA,Baweja Studios Limited,sm,no,06-02-2024,10,1,INE0JFJ01011,10
MEGATHERM,Megatherm Induction Limited,sm,no,05-02-2024,10,1,INE531R01010,10
DELAPLEX,Delaplex Limited,sm,no,02-02-2024,10,1,INE0SK801018,10
DHTL,Docmode Health Technologies Limited,sm,no,02-02-2024,10,1,INE0OGG01015,10
FONEBOX,Fonebox Retail Limited,sm,no,02-02-2024,10,1,INE0Q4701019,10
KONSTELEC,Konstelec Engineers Limited,sm,no,30-01-2024,10,1,INE0QEI01011,10
ADDICTIVE,Addictive Learning Technology Limited,sm,no,30-01-2024,10,1,INE0RDH01021,10
MAXPOSURE,Maxposure Limited,sm,no,23-01-2024,10,1,INE0ECC01022,10
APS,Australian Premium Solar (India) Limited,sm,no,18-01-2024,10,1,INE0P0001010,10
IBLFL,IBL Finance Limited,sm,no,16-01-2024,10,1,INE0O7401018,10
KLL,Kaushalya Logistics Limited,sm,no,08-01-2024,10,1,INE0Q2V01012,10
KCEIL,Kay Cee Energy & Infra Limited,sm,no,05-01-2024,10,1,INE0RCG01017,10
HRHNEXT,HRH Next Services Limited,sm,no,03-01-2024,10,1,INE0R3501012,10
AKANKSHA,Akanksha Power and Infrastructure Limited,sm,no,03-01-2024,10,1,INE0PCY01014,10
SAIFL,Sameera Agro And Infra Limited,sm,no,01-01-2024,10,1,INE0PZA01015,10
TECHLABS,Trident Techlabs Limited,sm,no,29-12-2023,10,1,INE0QD201012,10
INDIFRA,Indifra Limited,sm,no,29-12-2023,10,1,INE0PS301014,10
SUPREMEPWR,Supreme Power Equipment Limited,sm,no,29-12-2023,10,1,INE0QHG01026,10
EFORCE,Electro Force (India) Limited,sm,no,27-12-2023,10,1,INE0Q1W01012,10
SHREEOSFM,Shree OSFM E-Mobility Limited,sm,no,21-12-2023,10,1,INE02S501018,10
SJLOGISTIC,S J Logistics (India) Limited,sm,no,19-12-2023,10,1,INE0F3301020,10
PRESSTONIC,Presstonic Engineering Limited,st,no,18-12-2023,10,1,INE0R1601012,10
ACCENTMIC,Accent Microcell Limited,sm,no,15-12-2023,10,1,INE0Q5D01013,10
GRAPHISAD,Graphisads Limited,st,no,13-12-2023,10,1,INE0POU01017,10
SHEETAL,Sheetal Universal Limited,st,no,11-12-2023,10,1,INE04VX01019,10
MARINETRAN,Marinetrans India Limited,sm,no,08-12-2023,10,1,INE0P1P01017,10
CBAZAAR,Net Avenue Technologies Limited,sm,no,08-12-2023,1,1,INE518X01015,1
ROCKINGDCE,Rockingdeals Circular Economy Limited,sm,no,30-11-2023,10,1,INE0PTR01012,10
SUNREST,Sunrest Lifescience Limited,sm,no,20-11-2023,10,1,INE0PLZ01012,10
ROXHITECH,Rox Hi Tech Limited,sm,no,16-11-2023,10,1,INE0PDJ01013,10
BABAFP,Baba Food Processing (India) Limited,sm,no,15-11-2023,10,1,INE0QW501012,10
MICROPRO,Micropro Software Solutions Limited,sm,no,10-11-2023,10,1,INE0PZK01014,10
SARTELE,Sar Televenture Limited,sm,no,08-11-2023,2,1,INE0PUC01020,2
MAITREYA,Maitreya Medicare Limited,sm,no,07-11-2023,10,1,INE0PLQ01011,10
TRANSTEEL,Transteel Seating Technologies Limited,sm,no,06-11-2023,10,1,INE0NVI01020,10
SHANTHALA,Shanthala FMCG Products Limited,sm,no,03-11-2023,10,1,INE0Q9Q01017,10
PARAGON,Paragon Fine and Speciality Chemical Limited,sm,no,03-11-2023,10,1,INE0N4G01012,10
ONDOOR,On Door Concepts Limited,st,no,01-11-2023,10,1,INE00ER01015,10
RCDL,Rajgor Castor Derivatives Limited,sm,no,31-10-2023,10,1,INE0BZQ01011,10
WOMANCART,Womancart Limited,sm,no,27-10-2023,10,1,INE0Q9601016,10
ARVINDPORT,ARVIND PORT AND INFRA LIMITED,sm,no,25-10-2023,10,1,INE0P4T01013,10
COMMITTED,Committed Cargo Care Limited,sm,no,18-10-2023,10,1,INE597Z01014,10
PLADAINFO,Plada Infotech Services Limited,sm,no,13-10-2023,10,1,INE0PXD01014,10
KARNIKA,Karnika Industries Limited,sm,no,12-10-2023,10,1,INE0MGA01012,10
SCML,Sharp Chucks and Machines Limited,sm,no,12-10-2023,10,1,INE460Q01014,10
OLIL,Oneclick Logistics India Limited,sm,no,11-10-2023,10,1,INE0OPS01011,10
GOYALSALT,Goyal Salt Limited,sm,no,11-10-2023,10,1,INE0QFE01017,10
CANARYS,Canarys Automations Limited,sm,no,11-10-2023,2,1,INE0QG301017,2
KONTOR,Kontor Space Limited,sm,no,10-10-2023,10,1,INE0KZ301010,10
VISHNUINFR,Vishnusurya Projects and Infra Limited,sm,no,10-10-2023,10,1,INE0PQ001012,10
EFACTOR,E Factor Experiences Limited,sm,no,09-10-2023,10,1,INE0KFF01017,10
ARABIAN,Arabian Petroleum Limited,sm,no,09-10-2023,10,1,INE08NJ01024,10
VINYAS,Vinyas Innovative Technologies Limited,sm,no,06-10-2023,10,1,INE0OLS01010,10
INSPIRE,Inspire Films Limited,sm,no,05-10-2023,10,1,INE0NDX01019,10
NEWJAISA,Newjaisa Technologies Limited,sm,no,05-10-2023,5,1,INE0PW501021,5
MAL,Mangalam Alloys Limited,sm,no,04-10-2023,10,1,INE00C401011,10
DIGIKORE,Digikore Studios Limited,sm,no,04-10-2023,10,1,INE0QJ901011,10
SAAKSHI,Saakshi Medtech and Panels Limited,sm,no,03-10-2023,10,1,INE0PSK01027,10
MASTER,Master Components Limited,sm,no,29-09-2023,10,1,INE0OJM01017,10
HIGREEN,Hi-Green Carbon Limited,sm,no,28-09-2023,10,1,INE0PIC01017,10
MARCO,Marco Cables & Conductors Limited,sm,no,28-09-2023,10,1,INE0QP001012,10
CELLECOR,Cellecor Gadgets Limited,sm,no,28-09-2023,1,1,INE0OMO01025,1
KODYTECH,Kody Technolab Limited,st,no,27-09-2023,10,1,INE0Q7P01013,10
MADHUSUDAN,Madhusudan Masala Limited,sm,no,26-09-2023,10,1,INE0P6701019,10
KEL,Kundan Edifice Limited,sm,no,26-09-2023,10,1,INE0OWX01025,10
CHAVDA,Chavda Infra Limited,sm,no,25-09-2023,10,1,INE0PT101017,10
HOLMARC,Holmarc Opto-Mechatronics Limited,sm,no,25-09-2023,10,1,INE0LXA01019,10
UNIHEALTH,Unihealth Hospitals Limited,st,no,21-09-2023,10,1,INE0PRF01011,10
JIWANRAM,Jiwanram Sheoduttrai Industries Limited,sm,no,18-09-2023,10,1,INE0N5H01017,10
PRAMARA,Pramara Promotions Limited,sm,no,13-09-2023,10,1,INE0O7A01017,10
SAROJA,Saroja Pharma Industries India Limited,sm,no,13-09-2023,10,1,INE0PCL01011,10
BASILIC,Basilic Fly Studio Limited,sm,no,11-09-2023,10,1,INE0OCC01013,10
MONOPHARMA,Mono Pharmacare Limited,sm,no,07-09-2023,10,1,INE0OIP01012,10
CPS,C P S Shapers Limited,sm,no,07-09-2023,10,1,INE0QBU01012,10
SEL,Sungarner Energies Limited,st,no,31-08-2023,10,1,INE0O3O01017,10
CLSL,Crop Life Science Limited,sm,no,30-08-2023,10,1,INE00NH01017,10
SSFL,Srivari Spices And Foods Limited,sm,no,18-08-2023,10,1,INE0ON201012,10
SANGANI,Sangani Hospitals Limited,sm,no,17-08-2023,10,1,INE0OVI01010,10
YUDIZ,Yudiz Solutions Limited,st,no,17-08-2023,10,1,INE09FA01019,10
ORIANA,Oriana Power Limited,sm,no,11-08-2023,10,1,INE0OUT01019,10
VINSYS,Vinsys IT Services India Limited,sm,no,11-08-2023,10,1,INE0OSJ01014,10
ZEAL,Zeal Global Services Limited,sm,no,09-08-2023,10,1,INE0PPS01018,10
SHRITECH,Shri Techtex Limited,sm,no,04-08-2023,10,1,INE0OMF01015,10
YCCL,Yasons Chemex Care Limited,sm,no,03-08-2023,10,1,INE08S201019,10
SERVICE,Service Care Limited,st,no,26-07-2023,10,1,INE0P1Q01015,10
DRONE,Drone Destination Limited,sm,no,21-07-2023,10,1,INE0P7201019,10
SYNOPTICS,Synoptics Technologies Limited,sm,no,13-07-2023,10,1,INE0BTR01012,10
TRIDHYA,Tridhya Tech Limited,sm,no,13-07-2023,10,1,INE0LWY01029,10
GLOBALPET,Global Pet Industries Limited,sm,no,10-07-2023,10,1,INE0PS501019,10
PENTAGON,Pentagon Rubber Limited,sm,no,07-07-2023,10,1,INE0ORS01017,10
MAGSON,Magson Retail And Distribution Limited,sm,no,06-07-2023,10,1,INE0O1S01012,10
ESFL,Essen Speciality Films Limited,st,no,06-07-2023,10,1,INE0ITO01014,10
GREENCHEF,Greenchef Appliances Limited,sm,no,06-07-2023,10,1,INE0O7P01015,10
AATMAJ,Aatmaj Healthcare Limited,sm,no,30-06-2023,5,1,INE0OB201016,5
VILINBIO,Vilin Bio Med Limited,st,no,30-06-2023,10,1,INE0L4V01013,10
CELLPOINT,Cell Point (India) Limited,sm,no,28-06-2023,10,1,INE0O0001013,10
URBAN,Urban Enviro Waste Management Limited,sm,no,22-06-2023,10,1,INE0O0201019,10
SPECTSTM,Spectrum Talent Management Limited,sm,no,22-06-2023,10,1,INE0OL001018,10
KDL,Kore Digital Limited,st,no,14-06-2023,10,1,INE0O4R01018,10
SAHANA,Sahana System Limited,sm,no,12-06-2023,10,1,INE0LEX01011,10
INFOLLION,Infollion Research Services Limited,sm,no,08-06-2023,10,1,INE0NNZ01013,10
PROV,Proventus Agrocom Limited,sm,no,05-06-2023,10,1,INE0ONE01016,10
CRAYONS,Crayons Advertising Limited,sm,no,02-06-2023,10,1,INE0OFK01019,10
DENTALKART,Vasa Denticity Limited,sm,no,02-06-2023,10,1,INE0N5801013,10
REMUS,Remus Pharmaceuticals Limited,sm,no,29-05-2023,10,1,INE0O5T01011,10
KRISHCA,Krishca Strapping Solutions Limited,sm,no,26-05-2023,10,1,INE0NR701018,10
AUROIMPEX,Auro Impex  & Chemicals Limited,sm,no,23-05-2023,10,1,INE0NUL01018,10
DENEERS,De Neers Tools Limited,st,no,11-05-2023,10,1,INE0JWV01011,10
QUICKTOUCH,Quicktouch Technologies Limited,sm,no,02-05-2023,10,1,INE0K4D01020,10
AGUL,A G Universal Limited,sm,no,24-04-2023,10,1,INE0O6N01012,10
PATTECH,Pattech Fitwell Tube Components Limited,sm,no,21-04-2023,10,1,INE0NZW01014,10
MOS,Mos Utility Limited,sm,no,18-04-2023,2,1,INE0N7S01028,2
INFINIUM,Infinium Pharmachem Limited,sm,no,17-04-2023,10,1,INE0MRE01011,10
SOTAC,Sotac Pharmaceuticals Limited,sm,no,13-04-2023,10,1,INE0O2D01012,10
NIRMAN,Nirman Agri Genetics Limited,st,no,28-03-2023,10,1,INE0OK701014,10
QFIL,Quality Foils (India) Limited,sm,no,24-03-2023,10,1,INE0O1M01015,10
VELS,Vels Film International Limited,sm,no,22-03-2023,10,1,INE0I3H01019,10
MCON,Mcon Rasayan India Limited,sm,no,20-03-2023,10,1,INE0O4M01019,10
VERTEXPLUS,Vertexplus Technologies Limited,sm,no,15-03-2023,10,1,INE0NLB01018,10
SYSTANGO,Systango Technologies Limited,sm,no,15-03-2023,10,1,INE0O7R01011,10
SRIVASAVI,Srivasavi Adhesive Tapes Limited,sm,no,09-03-2023,10,1,INE0NPI01014,10
VIAZ,Viaz Tyres Limited,sm,no,01-03-2023,10,1,INE0MO401019,10
AGARWALFT,Agarwal Float Glass India Limited,sm,no,23-02-2023,10,1,INE0MLA01012,10
LRRPL,Lead Reclaim And Rubber Products Limited,sm,no,21-02-2023,10,1,INE0H4B01011,10
SHERA,Shera Energy Limited,sm,no,17-02-2023,10,1,INE0MM001019,10
GRCL,Gayatri Rubbers And Chemicals Limited,sm,no,07-02-2023,10,1,INE0LVM01018,10
ARISTO,Aristo Bio-Tech And Lifescience Limited,sm,no,30-01-2023,10,1,INE082101010,10
DUCOL,Ducol Organics And Colours Limited,sm,no,19-01-2023,10,1,INE0LZO01015,10
CMNL,Chaman Metallics Limited,sm,no,16-01-2023,10,1,INE06PV01010,10
ANLON,Anlon Technology Solutions Limited,sm,no,10-01-2023,10,1,INE0LR101013,10
RBMINFRA,Rbm Infracon Limited,sm,no,04-01-2023,10,1,INE0NA301016,10
HOMESFY,Homesfy Realty Limited,sm,no,02-01-2023,10,1,INE0N7F01017,10
MOXSH,Moxsh Overseas Educon Limited,st,no,30-12-2022,10,1,INE0N6D01014,10
UMA,Uma Converter Limited,sm,no,29-12-2022,10,1,INE067901012,10
ARIHANTACA,Arihant Academy Limited,sm,no,29-12-2022,10,1,INE0NCC01015,10
DOLLEX,Dollex Agrotech Limited,sm,no,28-12-2022,10,1,INE0JHH01011,10
ALLETEC,All E Technologies Limited,sm,no,21-12-2022,10,1,INE0M2X01012,10
ARHAM,Arham Technologies Limited,sm,no,15-12-2022,10,1,INE0L2Y01011,10
PRITIKA,Pritika Engineering Components Limited,sm,no,08-12-2022,5,1,INE0MJQ01020,5
BAHETI,Baheti Recycling Industries Limited,sm,no,08-12-2022,10,1,INE029Q01017,10
AMIABLE,Amiable Logistics (India) Limited,sm,no,16-11-2022,10,1,INE0MTP01013,10
IPSL,Integrated Personnel Services Limited,sm,no,11-11-2022,10,1,INE02EE01019,10
RITEZONE,Rite Zone Chemcon India Limited,sm,no,11-11-2022,10,1,INE0MRA01019,10
PHANTOMFX,Phantom Digital Effects Limited,sm,no,21-10-2022,10,1,INE0MLZ01019,10
FROG,Frog Innovations Limited,sm,no,13-10-2022,10,1,INE385O01018,10
SWASTIK,Swastik Pipe Limited,sm,no,12-10-2022,10,1,INE0DGC01025,10
LLOYDS,Lloyds Luxuries Limited,st,no,11-10-2022,10,1,INE0DTQ01028,10
QMSMEDI,QMS Medical Allied Services Limited,sm,no,11-10-2022,10,1,INE0FMW01018,10
CMRSL,Cyber Media Research & Services Limited,sm,no,10-10-2022,10,1,INE075Z01011,10
KANDARP,Kandarp Digi Smart BPO Limited,sm,no,28-09-2022,10,1,INE0MOT01016,10
MAKS,Maks Energy Solutions India Limited,sm,no,28-09-2022,10,1,INE0CDK01019,10
ANNAPURNA,Annapurna Swadisht Limited,sm,no,27-09-2022,10,1,INE0MGM01017,10
TAPIFRUIT,Tapi Fruit Processing Limited,sm,no,22-09-2022,10,1,INE0M7001010,10
ISHAN,Ishan International Limited,sm,no,22-09-2022,1,1,INE0LCW01025,1
SABAR,Sabar Flex India Limited,st,no,21-09-2022,10,1,INE0DZ101013,10
MEGAFLEX,Mega Flex Plastics Limited,st,no,19-09-2022,10,1,INE0G1D01014,10
VIVIANA,Viviana Power Tech Limited,sm,no,16-09-2022,10,1,INE0MEG01014,10
KORE,Jay Jalaram Technologies Limited,sm,no,08-09-2022,10,1,INE0J6801010,10
JFLLIFE,Jfl Life Sciences Limited,sm,no,08-09-2022,10,1,INE0LA901015,10
AMEYA,Ameya Precision Engineers Limited,sm,no,08-09-2022,10,1,INE0KT901015,10
VEEKAYEM,Veekayem Fashion and Apparels Limited,sm,no,22-08-2022,10,1,INE0KTW01013,10
USASEEDS,Upsurge Seeds Of Agriculture Limited,sm,no,11-08-2022,10,1,INE0CBM01019,10
AGNI,Agni Green Power Limited,sm,no,01-08-2022,10,1,INE0LF301013,10
SKP,SKP Bearing Industries Limited,sm,no,13-07-2022,10,1,INE0KZA01016,10
KCK,Kck Industries Limited,sm,no,08-07-2022,2,1,INE0J1E01027,2
RILINFRA,Rachana Infrastructure Limited,sm,no,10-06-2022,10,1,INE02OY01016,10
FIDEL,Fidel Softech Limited,sm,no,10-06-2022,10,1,INE0LQQ01019,10
GSTL,Globesecure Technologies Limited,st,no,02-06-2022,10,1,INE00WS01056,10
SONUINFRA,Sonu Infratech Limited,sm,no,13-05-2022,10,1,INE0JZA01018,10
PROPEQUITY,P. E. Analytics Limited,sm,no,04-04-2022,10,1,INE0KN801013,10
SWARAJ,Swaraj Suiting Limited,sm,no,28-03-2022,10,1,INE0GMR01016,10
COOLCAPS,Cool Caps Industries Limited,sm,no,24-03-2022,2,1,INE0HS001028,2
SPRL,Sp Refractories Limited,sm,no,22-03-2022,10,1,INE0JW501011,10
SHIGAN,Shigan Quantum Technologies Limited,st,no,11-03-2022,10,1,INE03KJ01013,10
MADHAVBAUG,Vaidya Sane Ayurved Laboratories Limited,sm,no,23-02-2022,10,1,INE0JR301013,10
RICHA,Richa Info Systems Limited,sm,no,21-02-2022,10,1,INE0J1P01015,10
PRECISION,Precision Metaliks Limited,sm,no,01-02-2022,10,1,INE0HKW01018,10
TIMESCAN,Timescan Logistics (India) Limited,sm,no,12-01-2022,10,1,INE0IJY01014,10
VIVO,Vivo Collaboration Solutions Limited,sm,no,31-12-2021,10,1,INE0IA701014,10
FOCE,Foce India Limited,sm,no,28-12-2021,10,1,INE0I7D01019,10
NIDAN,Nidan Laboratories and Healthcare Limited,sm,no,12-11-2021,10,1,INE0J6L01013,10
DKEGL,D.K. Enterprises Global Limited,sm,no,22-10-2021,10,1,INE0GN101014,10
DYNAMIC,Dynamic Services & Security Limited,sm,no,13-10-2021,10,1,INE0DZ701010,10
DESTINY,Destiny Logistics & Infra Limited,sm,no,13-10-2021,10,1,INE0IGO01011,10
BMETRICS,Bombay Metrics Supply Chain Limited,sm,no,12-10-2021,10,1,INE0I3Y01014,10
JAINAM,Jainam Ferro Alloys (I) Limited,sm,no,08-10-2021,10,1,INE02KC01010,10
QUADPRO,Quadpro Ites Limited,sm,no,30-09-2021,2,1,INE0GOJ01027,2
BEWLTD,BEW Engineering Limited,sm,no,16-09-2021,10,1,INE0HQI01014,10
DUGLOBAL,DUDIGITAL GLOBAL LIMITED,sm,no,26-08-2021,2,1,INE0HPK01020,2
REXPIPES,Rex Pipes And Cables Industries Limited,sm,no,10-08-2021,10,1,INE00D001018,10
WALPAR,Walpar Nutritions Limited,sm,no,13-07-2021,10,1,INE0G2G01015,10
AILIMITED,Abhishek Integrations Limited,sm,no,21-06-2021,10,1,INE0CAJ01017,10
VMARCIND,V Marc India Limited,sm,no,09-04-2021,10,1,INE0GXK01018,10
SIDDHIKA,Siddhika Coatings Limited,sm,no,07-04-2021,10,1,INE0A1E01018,10
PARTYCRUS,Party Cruisers Limited,sm,no,05-03-2021,10,1,INE06ZX01015,10
ASCOM,Ascom Leasing & Investments Limited,st,no,06-12-2019,10,1,INE08KD01015,10
GOLDKART,Goldkart Jewels Limited,sm,no,15-10-2019,10,1,INE06MH01016,10
KHFM,Khfm Hospitality And Facility Management Services Limited,sm,no,12-04-2019,10,1,INE00UG01014,10
MINDPOOL,Mindpool Technologies Limited,sm,no,28-02-2019,10,1,INE00RQ01019,10
SURANI,Surani Steel Tubes Limited,st,no,06-02-2019,10,1,INE01ZJ01015,10
DRSDILIP,DRS Dilip Roadlines Limited,st,no,10-12-2018,10,1,INE02CV01017,10
SHUBHLAXMI,Shubhlaxmi Jewel Art Limited,sm,no,04-12-2018,10,1,INE01Z401013,10
UWCSL,Ultra Wiring Connectivity System Limited,sm,no,26-10-2018,10,1,INE00F301010,10
PARIN,Parin Enterprises Limited,sm,no,09-10-2018,10,1,INE00U801010,10
UCL,Ushanti Colour Chem Limited,st,no,02-08-2018,10,1,INE00NI01015,10
AMBANIORGO,AMBANI ORGOCHEM LIMITED,st,no,18-07-2018,10,1,INE00C501018,10
JAKHARIA,JAKHARIA FABRIC LIMITED,st,no,11-07-2018,10,1,INE00N401018,10
MAHICKRA,Mahickra Chemicals Limited,st,no,26-04-2018,10,1,INE961Y01015,10
VERA,Vera Synthetic Limited,sm,no,12-04-2018,10,1,INE709Z01015,10
CONTI,Continental Seeds and Chemicals Limited,sm,no,04-04-2018,10,1,INE340Z01019,10
GIRIRAJ,Giriraj Civil Developers Limited,st,no,02-04-2018,10,1,INE614Z01017,10
MDL,Marvel Decor Limited,sm,no,23-03-2018,10,1,INE575Z01010,10
MHHL,Mohini Health & Hygiene Limited,sm,no,16-02-2018,10,1,INE450S01011,10
PARAMPARA,PARAMPARA DAIRY DELIGHTS LIMITED,st,no,12-02-2018,10,1,INE749Y01014,10
VASA,Vasa Retail and Overseas Ltd,sm,no,06-02-2018,10,1,INE068Z01016,10
SMVD,SMVD Poly Pack Limited,st,no,26-12-2017,10,1,INE702Y01013,10
FELIX,Felix Industries Limited,sm,no,05-12-2017,10,1,INE901X01013,10
PULZ,Pulz Electronics Limited,sm,no,24-11-2017,10,1,INE335X01014,10
AISL,ANI Integrated Services Limited,sm,no,20-11-2017,10,1,INE635Y01015,10
MILTON,Milton Industries Limited,st,no,16-10-2017,10,1,INE376Y01016,10
OMFURN,Omfurn India Limited,sm,no,13-10-2017,10,1,INE338Y01016,10
GOLDSTAR,Goldstar Power Limited,st,no,10-10-2017,1,1,INE405Y01021,1
TIRUPATI,Shree Tirupati Balajee FIBC Limited,sm,no,05-10-2017,10,1,INE238Y01018,10
CADSYS,Cadsys (India) Limited,sm,no,04-10-2017,10,1,INE090Y01013,10
MPTODAY,Madhya Pradesh Today Media Limited,sm,no,29-09-2017,10,1,INE105Y01019,10
MANAV,Manav Infra Projects Limited,st,no,18-09-2017,10,1,INE104Y01012,10
TRANSWIND,Transwind Infrastructures Limited,sm,no,12-07-2017,10,1,INE792X01016,10
ACCORD,Accord Synergy Limited,sm,no,06-07-2017,10,1,INE113X01015,10
VSCL,Vadivarhe Speciality Chemicals Limited,sm,no,02-06-2017,10,1,INE551Q01028,10
JALAN,Jalan Transolutions (India) Limited,sm,no,31-05-2017,10,1,INE349X01015,10
ASLIND,ASL Industries Limited,sm,no,18-04-2017,10,1,INE617I01024,10
PROLIFE,Prolife Industries Limited,sm,no,09-01-2017,10,1,INE994V01012,10
DIRL,Dhanuka Infra Realty Limited,sm,no,18-10-2016,10,1,INE704V01015,10
ALCODIS,Alcokraft Distilleries Limited,sm,no,17-10-2016,10,1,INE448V01019,10
GRETEX,Gretex Industries Limited,st,no,14-10-2016,10,1,INE985P01012,10
JETKNIT,Jet Knitwears Limited,st,no,07-10-2016,10,1,INE564T01017,10
AVSL,AVSL Industries Limited,st,no,06-10-2016,10,1,INE522V01011,10
KKVAPOW,KKV Agro Powers Limited,sm,no,15-07-2016,10,1,INE239T01016,10
PERFECT,Perfect Infraengineers Limited,sz,no,20-11-2015,10,1,INE925S01012,10
AHIMSA,Ahimsa Industries Limited,st,no,15-10-2015,10,1,INE136T01014,10
SHAIVAL,Shaival Reality Limited,st,no,01-10-2015,10,1,INE262S01010,10
EMKAYTOOLS,Emkay Taps and Cutting Tools Limited,sm,no,13-08-2015,10,1,INE332S01011,10
